Date,Close,High,Low,Open,Volume,,
11/9/2017,320.88,329.45,307.06,308.64,893249984,,
11/10/2017,299.25,324.72,294.54,320.67,885985984,,
11/11/2017,314.68,319.45,298.19,298.59,842300992,,
11/12/2017,307.91,319.15,298.51,314.69,1613479936,,
11/13/2017,316.72,328.42,307.02,307.02,1041889984,,
11/14/2017,337.63,340.18,316.76,316.76,1069680000,,
11/15/2017,333.36,340.91,329.81,337.96,722665984,,
11/16/2017,330.92,336.16,323.61,333.44,797254016,,
11/17/2017,332.39,334.96,327.52,330.17,621732992,,
11/18/2017,347.61,349.62,327.69,331.98,649638976,,
11/19/2017,354.39,371.29,344.74,347.4,1181529984,,
11/20/2017,366.73,372.14,353.29,354.09,807027008,,
11/21/2017,360.4,372.47,350.69,367.44,949912000,,
11/22/2017,380.65,381.42,360.15,360.31,800819008,,
11/23/2017,410.17,425.55,376.09,381.44,1845680000,,
11/24/2017,474.91,480.97,402.76,412.5,2292829952,,
11/25/2017,466.28,485.19,461.05,475.68,1422080000,,
11/26/2017,471.33,472.72,451.61,465.97,1197779968,,
11/27/2017,480.36,493.4,468.48,471.53,1396480000,,
11/28/2017,472.9,482.48,466.35,480.52,1346499968,,
11/29/2017,427.52,522.31,425.07,473.28,2675940096,,
11/30/2017,447.11,465.5,401.24,431.21,1903040000,,
12/1/2017,466.54,472.61,428.31,445.21,1247879936,,
12/2/2017,463.45,476.24,456.65,466.85,943649984,,
12/3/2017,465.85,482.81,451.85,463.7,990556992,,
12/4/2017,470.2,474.78,453.31,466.05,1005550016,,
12/5/2017,463.28,473.56,457.66,470.29,1216720000,,
12/6/2017,428.59,462.71,420.21,462.6,1998259968,,
12/7/2017,434.41,441.4,414.41,426.37,2129570048,,
12/8/2017,456.03,466.06,422.37,434.99,2336379904,,
12/9/2017,473.5,504.15,456.25,457.34,2003849984,,
12/10/2017,441.72,472.79,429.51,472.79,1404179968,,
12/11/2017,515.14,516.97,439.1,440.36,1771440000,,
12/12/2017,651.43,657.32,504.49,522.29,5179829760,,
12/13/2017,702.77,747.99,597.8,644.91,4524539904,,
12/14/2017,695.82,753.12,664.99,700.59,3821580032,,
12/15/2017,684.45,697.13,621.06,696.38,2758710016,,
12/16/2017,696.21,718.39,680.79,686.19,2165690112,,
12/17/2017,719.97,735.83,696.24,696.24,2147389952,,
12/18/2017,794.65,803.93,689.23,721.73,3249230080,,
12/19/2017,826.82,881.94,785.34,793.9,4096549888,,
12/20/2017,819.09,845.06,756,827.52,3969939968,,
12/21/2017,821.06,880.54,792.69,820.24,3569060096,,
12/22/2017,674.86,827.68,543.76,822.64,4977710080,,
12/23/2017,719.39,763.9,679.73,681.32,2480339968,,
12/24/2017,694.15,721.77,614.92,721.77,2300549888,,
12/25/2017,765.83,782.52,698.87,698.87,2491760128,,
12/26/2017,773.84,786.79,760.93,763.37,2201159936,,
12/27/2017,762.84,789.25,738.41,774.97,2100029952,,
12/28/2017,737.02,763.32,701.19,762.21,2389149952,,
12/29/2017,753.59,770.12,729.61,740.39,2648969984,,
12/30/2017,717.26,753.82,685.23,753.82,3187780096,,
12/31/2017,756.73,760.35,710.12,712.21,2554269952,,
1/1/2018,772.64,782.53,742,755.76,2595760128,,
1/2/2018,884.44,914.83,772.35,772.35,5783349760,,
1/3/2018,962.72,974.47,868.45,886,5093159936,,
1/4/2018,980.92,1045.08,946.09,961.71,6502859776,,
1/5/2018,997.72,1075.39,956.33,975.75,6683149824,,
1/6/2018,1041.68,1060.71,994.62,995.15,4662219776,,
1/7/2018,1153.17,1153.17,1043.01,1043.01,5569880064,,
1/8/2018,1148.53,1266.93,1016.05,1158.26,8450970112,,
1/9/2018,1299.74,1320.98,1145.49,1146,7965459968,,
1/10/2018,1255.82,1417.38,1226.6,1300.34,9214950400,,
1/11/2018,1154.93,1337.3,1135.17,1268.09,7235899904,,
1/12/2018,1273.2,1296.04,1120.09,1158.29,5222300160,,
1/13/2018,1396.42,1432.88,1270.47,1270.47,5746760192,,
1/14/2018,1366.77,1400.56,1286.21,1397.48,4841630208,,
1/15/2018,1291.92,1390.59,1290.6,1365.21,4781100032,,
1/16/2018,1053.69,1292.63,875.54,1292.63,8405139968,,
1/17/2018,1014.25,1090.23,780.92,1061.34,8545160192,,
1/18/2018,1036.28,1100.31,967.76,1016.44,5938319872,,
1/19/2018,1039.1,1093.22,1003.71,1028.82,4084450048,,
1/20/2018,1155.15,1167.11,1044.95,1044.95,3975190016,,
1/21/2018,1049.58,1155.68,1021.5,1155.68,3378089984,,
1/22/2018,1003.26,1089.1,930.74,1055.35,3810099968,,
1/23/2018,986.23,1023.23,920.54,1004.17,3556699904,,
1/24/2018,1058.78,1062.44,965.81,987.48,3944039936,,
1/25/2018,1056.03,1104.66,1034.74,1063.22,4050190080,,
1/26/2018,1055.17,1080.6,996.78,1052.7,3617690112,,
1/27/2018,1107.07,1121.98,1042.12,1055.75,3002870016,,
1/28/2018,1246.01,1257.77,1111.78,1111.78,5372329984,,
1/29/2018,1182.36,1256.7,1169.08,1246.7,3715079936,,
1/30/2018,1071.13,1184.63,1058.97,1184.13,4107859968,,
1/31/2018,1118.31,1128.66,1034.5,1071.09,3757560064,,
2/1/2018,1036.79,1161.35,984.82,1119.37,5261680128,,
2/2/2018,915.78,1035.77,757.98,1035.77,6713290240,,
2/3/2018,964.02,991.94,847.69,919.21,3243480064,,
2/4/2018,834.68,969.03,805.06,964.67,2997090048,,
2/5/2018,697.95,856.65,644.6,834.96,4269530112,,
2/6/2018,793.12,796.44,574.42,707.74,6518269952,,
2/7/2018,757.07,851.2,723.43,790.43,3896179968,,
2/8/2018,817.81,845.09,755.84,755.84,3708189952,,
2/9/2018,883.86,884,788.83,818.48,2495820032,,
2/10/2018,860.41,917.4,825.58,882.47,2930530048,,
2/11/2018,814.66,859.29,788.22,859.29,2486650112,,
2/12/2018,868.71,875.94,817.51,817.51,2243450112,,
2/13/2018,845.26,870.71,828.84,869.29,2081170048,,
2/14/2018,923.56,926.43,844.28,844.28,2818370048,,
2/15/2018,936.98,951.95,911.11,923.73,2900100096,,
2/16/2018,944.21,950.01,917.85,934.79,2369449984,,
2/17/2018,974.11,976.59,940.75,944.75,2525720064,,
2/18/2018,923.92,982.93,915.45,973.35,2567290112,,
2/19/2018,943.86,957.78,921.55,921.67,2169019904,,
2/20/2018,895.37,965.27,892.95,943.57,2545260032,,
2/21/2018,849.97,912.38,830.56,894.14,2531729920,,
2/22/2018,812.84,875.93,802.67,849.26,2150370048,,
2/23/2018,864.19,886.32,794.79,811.59,2334820096,,
2/24/2018,840.52,879.53,818.55,861.59,1926579968,,
2/25/2018,844.81,853.15,822.38,839.46,1646960000,,
2/26/2018,869.32,880.39,842.32,845.28,2044480000,,
2/27/2018,878.27,896.26,867.1,870.36,2053980032,,
2/28/2018,855.2,890.11,855.12,877.93,1963980032,,
3/1/2018,872.2,880.3,851.92,856.01,1868519936,,
3/2/2018,856.85,876.38,852.42,871.76,1894419968,,
3/3/2018,857.22,868.45,855.21,856.71,1699369984,,
3/4/2018,866.68,867.95,840.28,856.19,1697939968,,
3/5/2018,853.68,869.92,853.52,866.85,1898489984,,
3/6/2018,816.95,853.82,809.93,853.82,1943069952,,
3/7/2018,752.83,825.61,726.55,816.27,2175419904,,
3/8/2018,704.6,773.77,696.17,752.57,1891640064,,
3/9/2018,728.92,729.16,648.11,702.2,2233019904,,
3/10/2018,686.89,748.03,682.7,730.16,1532960000,,
3/11/2018,723.34,735.83,668.12,685.31,1562680064,,
3/12/2018,699.83,742.51,683.27,724.41,1764999936,,
3/13/2018,690.83,713.73,682.35,698.15,1425959936,,
3/14/2018,614.29,702.78,594.1,691.22,1810560000,,
3/15/2018,611.3,620.62,579.51,614.84,1770460032,,
3/16/2018,601.67,623.17,587.86,611.78,1417350016,,
3/17/2018,552.78,609.15,549.1,601.68,1267810048,,
3/18/2018,538.64,551.64,460.09,551.64,2685499904,,
3/19/2018,556.73,558.1,519.12,546.63,2046790016,,
3/20/2018,557.17,567.09,521.2,556.72,1833680000,,
3/21/2018,561.73,589.61,550.57,559.1,1781270016,,
3/22/2018,539.7,577.57,523.09,562.1,1523459968,,
3/23/2018,539.62,540.49,512.13,539.86,1596349952,,
3/24/2018,526.44,545.38,526.08,542.57,1300009984,,
3/25/2018,524.29,535.82,515.66,522.7,1151170048,,
3/26/2018,489.95,526.38,470.44,524.29,1638880000,,
3/27/2018,450.12,491.46,449.97,489.59,1617939968,,
3/28/2018,446.28,466.21,444.86,450.29,1514179968,,
3/29/2018,385.97,450.81,385.81,448.08,1970230016,,
3/30/2018,394.64,409.93,368.63,385.9,1878130048,,
3/31/2018,396.46,418.47,392.95,395,1323920000,,
4/1/2018,379.61,400.53,363.8,397.25,1256930048,,
4/2/2018,386.42,395.17,377.59,379.7,1102259968,,
4/3/2018,416.89,418.97,383.53,387.31,1363399936,,
4/4/2018,380.54,417.47,375.31,416.48,1287730048,,
4/5/2018,383.23,387.72,369.82,379.95,1210680064,,
4/6/2018,370.29,385.2,366.91,382.73,967105984,,
4/7/2018,385.31,393.06,369.94,370.38,951475008,,
4/8/2018,400.51,402.59,385.6,385.74,948488000,,
4/9/2018,398.53,429.25,390.61,400.86,1478390016,,
4/10/2018,414.24,415.89,393.88,399.41,1196000000,,
4/11/2018,430.54,430.54,412.47,415.02,1439040000,,
4/12/2018,492.94,493.06,417.41,430.16,2519360000,,
4/13/2018,492.73,526.47,482.66,493.16,2419249920,,
4/14/2018,501.48,512.02,488.28,492.58,1519079936,,
4/15/2018,531.7,531.7,502.88,502.88,1726089984,,
4/16/2018,511.15,534.2,500.25,532.07,1758979968,,
4/17/2018,502.89,518.03,502.56,511.14,1760359936,,
4/18/2018,524.79,525.09,503.05,503.31,1762940032,,
4/19/2018,567.89,567.89,523.26,524.04,2256869888,,
4/20/2018,615.72,618.72,560.28,567.99,2849469952,,
4/21/2018,605.4,621.89,578.55,616,2612460032,,
4/22/2018,621.86,640.77,593.87,606.12,2426269952,,
4/23/2018,642.55,646.7,621.03,621.2,2386830080,,
4/24/2018,708.16,708.88,643.4,643.4,3581860096,,
4/25/2018,615.42,707.06,600.21,707.06,4216140032,,
4/26/2018,662.81,663.18,604.01,618.08,2984009984,,
4/27/2018,647.03,684.87,647.03,662.11,2598129920,,
4/28/2018,683.68,691.44,644.65,644.65,2496659968,,
4/29/2018,688.88,697.76,670.51,683.91,2740559872,,
4/30/2018,669.92,694.44,666.12,689.76,2853100032,,
5/1/2018,673.61,674.4,637.54,670.46,2678960128,,
5/2/2018,687.15,688.84,667.42,674.08,2822269952,,
5/3/2018,779.54,784.34,686.59,686.59,4210939904,,
5/4/2018,785.62,803.75,762.63,776.78,3533410048,,
5/5/2018,816.12,827.46,784.24,784.58,3035040000,,
5/6/2018,792.31,835.06,764.88,816.09,3105570048,,
5/7/2018,753.72,795.76,710.18,793.34,4316120064,,
5/8/2018,752.86,774.25,728.13,755.01,2920489984,,
5/9/2018,752.28,759.53,718.47,752.9,2877870080,,
5/10/2018,727.28,766.75,726.66,752.58,2748950016,,
5/11/2018,679.59,736.98,669.83,727.01,3290080000,,
5/12/2018,686.05,691.41,644.07,679.88,2668480000,,
5/13/2018,733.5,741.31,675.32,687.17,2362500096,,
5/14/2018,730.55,742.17,695.79,732.73,3005110016,,
5/15/2018,708.87,739.05,700.99,731.14,2523069952,,
5/16/2018,707.05,710.2,682.54,708.09,2476130048,,
5/17/2018,672.66,718.83,668.83,708.72,2350619904,,
5/18/2018,694.37,695.03,663.81,672.1,2305740032,,
5/19/2018,696.53,715.58,686.79,695.07,2021549952,,
5/20/2018,715.37,723.75,692.67,697.92,2156910080,,
5/21/2018,699.22,719.28,692.49,717.19,2005170048,,
5/22/2018,647.74,700.98,644.03,700.18,2230469888,,
5/23/2018,583.59,651.64,572.95,646.67,2995429888,,
5/24/2018,601.76,610.82,557.21,584.54,2791099904,,
5/25/2018,586.73,617.19,575.62,602.14,2110919936,,
5/26/2018,587.28,606.17,583.51,587.43,1694300032,,
5/27/2018,572.67,590.33,562.87,588.52,1788790016,,
5/28/2018,516.04,576.05,512.55,573.04,2356900096,,
5/29/2018,565.39,572.26,516.15,516.15,2330820096,,
5/30/2018,559.59,583.14,545.43,566.83,2053970048,,
5/31/2018,577.65,585.54,557.07,558.5,1985040000,,
6/1/2018,580.04,589.09,567.66,578.67,1945890048,,
6/2/2018,591.81,597.08,577.32,580.43,1880390016,,
6/3/2018,618.33,624.51,591.26,591.26,1832550016,,
6/4/2018,592.98,623.43,583.75,619.44,1903430016,,
6/5/2018,609.3,611.33,580.98,593.41,1844269952,,
6/6/2018,607.12,611.64,596.4,610.26,1756530048,,
6/7/2018,605.19,616.14,601.69,607.69,1880140032,,
6/8/2018,601.08,608.81,595.59,605.44,1637779968,,
6/9/2018,597.56,608.58,597.56,600.91,1519309952,,
6/10/2018,526.48,594.34,511.89,594.34,2234880000,,
6/11/2018,533.28,536.86,515.27,524.86,1982119936,,
6/12/2018,496.84,538.96,491.23,532.71,1932760064,,
6/13/2018,477.49,501.9,459,498.02,2080130048,,
6/14/2018,519.74,523.54,467.47,478.38,2458650112,,
6/15/2018,491,521.3,487.47,520.48,1808269952,,
6/16/2018,499.64,503.22,488.85,490.41,1314109952,,
6/17/2018,500.45,507.64,498.65,499.46,1264870016,,
6/18/2018,518.89,521.8,494.07,499.38,1513869952,,
6/19/2018,537.96,542.35,516.31,519.02,1726569984,,
6/20/2018,536.27,541.02,519.37,538.51,1596290048,,
6/21/2018,527.37,543.72,524.26,536.45,1462070016,,
6/22/2018,465.82,527.19,456.88,527.19,2226030080,,
6/23/2018,474.52,479.13,462.39,466.27,1651379968,,
6/24/2018,457.67,475.36,426.47,474.77,2490579968,,
6/25/2018,460.31,470.34,448.9,455.94,4007950080,,
6/26/2018,432.77,461.21,432.77,460.73,1356560000,,
6/27/2018,442.36,444.24,424.84,432.24,1368940032,,
6/28/2018,422.36,443.62,419.68,442.29,1360790016,,
6/29/2018,436.01,441.79,407.95,422.59,1564499968,,
6/30/2018,455.18,458.8,436.21,436.21,1475939968,,
7/1/2018,453.92,457.14,446.39,455.24,1511730048,,
7/2/2018,475.35,479.13,447.11,453.82,1625789952,,
7/3/2018,464.2,483.85,462.58,475.39,1683939968,,
7/4/2018,467.32,481.44,455.18,464.15,1549769984,,
7/5/2018,474.41,483.23,464.63,467.29,1828610048,,
7/6/2018,474.01,479.65,457.61,474.36,1627609984,,
7/7/2018,491.66,491.66,466.84,474.06,1358360064,,
7/8/2018,489.12,503.2,488.42,492.07,1344560000,,
7/9/2018,476.68,490.85,475.17,488.88,1533799936,,
7/10/2018,434.42,478.32,433.96,476.16,1789069952,,
7/11/2018,446.52,447.32,429.51,434.52,1422470016,,
7/12/2018,430.07,446.5,422.81,446.5,1495440000,,
7/13/2018,434.03,442.36,430.74,430.74,1489670016,,
7/14/2018,436.09,439.43,431.47,434.51,1235820032,,
7/15/2018,449.85,454,433.92,435.88,1350160000,,
7/16/2018,480.66,480.66,446.8,450.42,1858680064,,
7/17/2018,501,508.78,468.92,480.08,2288100096,,
7/18/2018,480.51,513.43,474.36,500.84,2371559936,,
7/19/2018,469.62,483.24,465.14,480.63,2068739968,,
7/20/2018,450.7,469.31,443.69,469.31,1821350016,,
7/21/2018,462.44,468.08,445.78,450.68,1504310016,,
7/22/2018,459.66,470.9,458.12,462.44,1338589952,,
7/23/2018,450.85,469.77,449.73,459.44,1596999936,,
7/24/2018,479.37,481.14,450.57,451.14,2287520000,,
7/25/2018,472.49,482.87,466.47,479.91,1930780032,,
7/26/2018,464.04,483.7,461.42,472.33,1621560064,,
7/27/2018,469.67,473.22,458.29,464.01,1734259968,,
7/28/2018,466.9,471.59,462.99,469.68,1531890048,,
7/29/2018,466.67,470.36,462.71,466.92,1631910016,,
7/30/2018,457.08,467.95,448.64,466.83,2141590000,,
7/31/2018,433.87,457.24,430.44,457.24,1820680000,,
8/1/2018,420.75,435.46,410.46,433.87,1888060000,,
8/2/2018,412.62,425.03,410.31,420.81,1569300000,,
8/3/2018,418.26,420.55,399.91,412.57,1722340000,,
8/4/2018,407.25,420.19,403.78,418.24,1466540000,,
8/5/2018,410.52,413.72,402.43,407.35,1396820000,,
8/6/2018,406.66,414.54,403.32,410.57,1384880000,,
8/7/2018,380.21,411.4,376.08,406.8,1828350000,,
8/8/2018,356.61,380.67,353.73,379.89,2016080000,,
8/9/2018,365.59,370.95,353.61,356.97,1616610000,,
8/10/2018,334.18,367.05,329.59,365.78,1699400000,,
8/11/2018,322.11,334.26,308.49,334.26,1790370000,,
8/12/2018,319.57,328.59,318.6,320.82,1625420000,,
8/13/2018,286.49,323.55,284.93,320.21,1751190000,,
8/14/2018,278.93,286.36,254.65,286.36,2137850000,,
8/15/2018,282.36,303.59,280.12,280.39,1878150000,,
8/16/2018,288.05,298.48,280.93,282.74,1552970000,,
8/17/2018,315.73,316.17,287.35,287.68,1995460000,,
8/18/2018,295.81,320.45,286.55,316.79,1764020000,,
8/19/2018,300.83,307.1,291.33,295.67,1447910000,,
8/20/2018,274.32,304.37,273.51,301.38,1413790000,,
8/21/2018,281.94,285.97,273.33,273.33,1164120000,,
8/22/2018,271.34,297.49,265,281.97,1507660000,,
8/23/2018,277.1,279.55,271.09,271.75,1271160000,,
8/24/2018,282.97,283.3,273.86,278.11,1450170000,,
8/25/2018,279.65,283.52,278.47,283.28,1208360000,,
8/26/2018,275.2,279.52,272.44,279.52,1206650000,,
8/27/2018,285.6,285.6,273.65,275.35,1406790000,,
8/28/2018,296.5,297.4,283.57,286.65,1513350000,,
8/29/2018,289.31,297.07,287.29,296.16,1474460000,,
8/30/2018,284.11,291.24,275.21,289.75,1513100000,,
8/31/2018,283,284.55,278.51,284.12,1411910000,,
9/1/2018,295.34,301.14,283.5,283.5,1546630000,,
9/2/2018,294.37,298.69,290.93,295.45,1321050000,,
9/3/2018,289.26,295.59,287.43,295.18,1394490000,,
9/4/2018,285.72,291.58,284.26,289.3,1554870000,,
9/5/2018,232.33,288.16,232.33,286.05,2390390000,,
9/6/2018,230.21,231.76,218.12,231.65,2097310000,,
9/7/2018,217.2,233.9,217.07,229.54,1678260000,,
9/8/2018,197.95,220.37,193.26,217.91,1517200000,,
9/9/2018,196.92,207.67,188.31,198.38,1585980000,,
9/10/2018,197.08,201.88,189.58,197.85,1502960000,,
9/11/2018,185.07,198.51,180.6,198.18,1568900000,,
9/12/2018,183.33,185.59,170.26,185.42,1874850000,,
9/13/2018,211.35,214,183.68,183.68,2330720000,,
9/14/2018,211.75,222.79,204.87,212.67,2232190000,,
9/15/2018,223.07,226.6,209.61,209.81,1670490000,,
9/16/2018,220.59,222.8,211.12,222.8,1502260000,,
9/17/2018,197.88,224.26,195.31,221.58,2019910000,,
9/18/2018,209.98,213.36,195.93,197.1,1800640000,,
9/19/2018,209.97,213.87,201.66,209.47,1733330000,,
9/20/2018,224.59,224.82,207.79,210.29,1782070000,,
9/21/2018,246.58,248.39,221.57,225.25,2836200000,,
9/22/2018,240.48,251.2,233.81,247.34,1921820000,,
9/23/2018,244.33,247.46,237.86,240.99,1693470000,,
9/24/2018,228.73,245.11,227.49,244.84,1748740000,,
9/25/2018,218.51,228.33,206.49,228.33,2120360000,,
9/26/2018,215.85,221.44,209.11,218.65,1756100000,,
9/27/2018,228.49,230.61,212.65,215.44,2030320000,,
9/28/2018,222.4,231.75,218.67,229.04,2018120000,,
9/29/2018,231.63,234.01,216.08,221.71,2208720000,,
9/30/2018,232.85,236.99,228.45,231.33,1765560000,,
10/1/2018,230.77,234.15,226.95,233.22,1597500000,,
10/2/2018,227.18,231.17,225.84,231.1,1542080000,,
10/3/2018,220.49,226.46,213.97,226.41,1683930000,,
10/4/2018,222.22,226.15,220.09,220.45,1479500000,,
10/5/2018,227.6,228.32,220.96,222.27,1547330000,,
10/6/2018,225.12,227.93,224.25,227.55,1505070000,,
10/7/2018,226.12,226.37,223,225.43,1470480000,,
10/8/2018,229.26,230.76,224.56,226.51,1470740000,,
10/9/2018,227.98,230.16,226.4,229.71,1405130000,,
10/10/2018,225.77,227.71,224.49,227.62,1384040000,,
10/11/2018,189.5,225.61,189.28,225.61,2167620000,,
10/12/2018,196.73,199.4,188.71,188.71,1487900000,,
10/13/2018,199.84,201.28,196.36,196.36,1167610000,,
10/14/2018,195.71,201.83,195.24,199.69,1169260000,,
10/15/2018,209.7,222.12,194.16,195.27,2865830000,,
10/16/2018,210.12,212.17,207.98,209.63,1532280000,,
10/17/2018,207.08,211.12,205.93,210.22,1444130000,,
10/18/2018,203.35,208.47,201.74,207.4,1365860000,,
10/19/2018,203.73,204.66,201.84,203.26,1264480000,,
10/20/2018,205.43,206.22,203.09,203.51,1238780000,,
10/21/2018,205.14,208.15,204.62,205.39,1190300000,,
10/22/2018,204.04,206.93,203.38,205.17,1328980000,,
10/23/2018,204.34,205.15,201.91,204.02,1237490000,,
10/24/2018,203.85,205.58,203.35,204.13,1102220000,,
10/25/2018,202.72,204.13,201.82,203.87,1102900000,,
10/26/2018,203.33,204.78,201.55,202.34,1161310000,,
10/27/2018,204.21,206.08,203.13,203.36,1084810000,,
10/28/2018,205.37,205.92,203.52,204.51,1139140000,,
10/29/2018,197.25,205.6,195.73,205.17,1517230000,,
10/30/2018,197.56,198.12,196.35,197.2,1363500000,,
10/31/2018,197.38,198.34,196.53,197.65,1442380000,,
11/1/2018,198.87,203.75,197.33,197.54,1336700000,,
11/2/2018,200.63,201.27,198.76,198.98,1451870000,,
11/3/2018,200.19,200.74,199.52,200.74,1307150000,,
11/4/2018,207.49,211.27,198.99,200.16,1749300000,,
11/5/2018,209.09,210.82,206.57,207.1,1613510000,,
11/6/2018,218.45,218.45,207.89,209.47,1856940000,,
11/7/2018,217.18,221.65,216.8,218.9,1927830000,,
11/8/2018,212.23,218.34,212.2,217.33,1769080000,,
11/9/2018,210.07,213.32,209.51,211.99,1554750000,,
11/10/2018,212.53,213.86,209.8,209.98,1377760000,,
11/11/2018,211.34,213,208.87,212.48,1501600000,,
11/12/2018,210.42,212.62,208.92,211.51,1452380000,,
11/13/2018,206.83,210.51,206.13,210.15,1610260000,,
11/14/2018,181.4,207.04,174.08,206.53,2595330000,,
11/15/2018,180.81,184.25,170.19,181.9,2638410000,,
11/16/2018,175.18,181.35,173.13,180.87,2015330000,,
11/17/2018,174,175.85,172.87,175.36,1832800000,,
11/18/2018,177.07,179.15,174.18,174.18,1810920000,,
11/19/2018,149.18,177.18,147.85,177.18,2745160000,,
11/20/2018,130.34,151.25,126.36,148.81,3134410000,,
11/21/2018,136.7,138.89,125.76,131.14,2685930000,,
11/22/2018,126.71,137.74,126.71,136.81,1792150000,,
11/23/2018,123.3,127.03,119.56,126.42,1998010000,,
11/24/2018,113.49,126.79,110.82,123.3,1800960000,,
11/25/2018,116.45,118.88,101.77,113.13,2466750000,,
11/26/2018,108.33,118.2,104.89,116.34,2139490000,,
11/27/2018,110.01,111.84,102.45,107.91,2320010000,,
11/28/2018,122.44,126.05,110.2,110.2,2673470000,,
11/29/2018,117.54,123.23,115.3,122.72,2196099151,,
11/30/2018,113.17,119.42,111.74,117.73,2020748396,,
12/1/2018,118.64,120.84,111.62,113.4,2131475768,,
12/2/2018,116.39,120.56,116.09,118.27,1856199149,,
12/3/2018,108.93,116.62,107.42,116.38,1772756193,,
12/4/2018,110.21,113.14,107.4,108.8,1748116495,,
12/5/2018,102.48,110.6,102.48,110.34,1990157607,,
12/6/2018,91.76,104.1,91.76,102.45,2310716932,,
12/7/2018,93.29,96.09,83.47,91.65,2554304530,,
12/8/2018,92.16,97.06,86.83,93.41,1855759401,,
12/9/2018,95.14,98.9,91.03,92.04,1875567180,,
12/10/2018,91.69,96.26,90.65,94.99,1756437577,,
12/11/2018,88.95,92.78,87.69,91.58,1707497898,,
12/12/2018,90.59,92.24,88.26,88.61,1533050103,,
12/13/2018,86.54,91.11,85.52,90.66,1754475622,,
12/14/2018,84.31,87.14,83.23,86.63,1651491877,,
12/15/2018,84.44,85.34,82.83,84.28,1496176898,,
12/16/2018,85.26,87.57,84.47,84.47,1565817037,,
12/17/2018,95.13,96.81,85.38,85.38,2101453024,,
12/18/2018,101.11,101.32,92.97,95.11,2277514076,,
12/19/2018,101.27,108.55,100.69,101.68,2456482115,,
12/20/2018,116.22,117.17,100.64,101.09,3063842618,,
12/21/2018,109.5,119.09,107.58,115.84,2632539990,,
12/22/2018,116.76,116.76,107.5,109.46,2338772939,,
12/23/2018,130.77,133.08,117.27,117.27,3579715061,,
12/24/2018,140.24,157.67,130.64,130.64,4370343387,,
12/25/2018,129.84,141,125.11,141,3298280609,,
12/26/2018,131.87,136.68,126.29,129.89,2720469126,,
12/27/2018,116.58,132.68,115.65,131.92,2612804378,,
12/28/2018,137.65,137.65,115.69,116.9,3130201009,,
12/29/2018,138.02,147.03,134.57,138.47,3169029972,,
12/30/2018,139.86,140.69,133.98,137.63,2660086834,,
12/31/2018,133.37,140.18,132.52,140.03,2358360234,,
1/1/2019,140.82,141.4,132.65,133.42,2258709868,,
1/2/2019,155.05,156.93,140.65,141.52,3328240369,,
1/3/2019,149.14,155.86,147.2,155.2,2676164880,,
1/4/2019,154.58,156.88,147.91,148.91,3126192535,,
1/5/2019,155.64,160.82,154.34,154.34,3338211928,,
1/6/2019,157.75,159.37,152.09,155.8,3231294371,,
1/7/2019,151.7,158.45,151.15,157.81,2712108388,,
1/8/2019,150.36,153.63,148.67,151.97,2459808140,,
1/9/2019,150.8,153.62,150.29,150.55,2369241197,,
1/10/2019,128.63,152.15,126.53,150.84,3397734456,,
1/11/2019,127.55,130.17,125.24,127.81,2667585234,,
1/12/2019,125.97,128.67,125.45,127.53,2212109224,,
1/13/2019,116.9,126.27,116.09,125.91,2268263944,,
1/14/2019,129.07,130.86,116.97,116.98,2798085735,,
1/15/2019,122.03,130.74,120.31,129.17,2735449164,,
1/16/2019,123.55,127.12,121.44,121.81,2746469340,,
1/17/2019,123.74,124.27,120.82,123.57,2594091285,,
1/18/2019,121.01,123.84,120.24,123.65,2305389800,,
1/19/2019,124.52,125.9,121.16,121.61,3048261797,,
1/20/2019,119.47,125.07,118.7,124.63,2964108269,,
1/21/2019,117.16,119.72,116.16,119.64,2421720343,,
1/22/2019,118.75,119.66,114.68,117.11,2552507405,,
1/23/2019,117.45,119.42,116.38,118.71,2556952198,,
1/24/2019,117.36,118.03,116.01,117.46,2520843420,,
1/25/2019,116.38,117.8,115.83,117.59,2606881898,,
1/26/2019,116.49,118.08,115.98,116.37,2412181169,,
1/27/2019,113.41,116.69,113.41,116.51,2775888287,,
1/28/2019,106.59,113.69,103.34,113.29,3366895505,,
1/29/2019,105.6,107.17,104,106.72,2900418606,,
1/30/2019,108.91,109.45,104.84,105.41,2874370355,,
1/31/2019,107.06,110.46,106.53,108.9,2828796031,,
2/1/2019,107.61,108.64,105.05,107.15,2541271519,,
2/2/2019,110.43,110.65,106.76,107.47,2385157838,,
2/3/2019,107.49,110.83,106.56,110.49,2519334757,,
2/4/2019,107.82,108.7,107.07,107.63,2491888675,,
2/5/2019,107.44,108.13,106.91,107.63,2515863999,,
2/6/2019,104.92,107.57,102.93,107.57,2593048199,,
2/7/2019,104.54,106.06,104.41,104.84,2326764622,,
2/8/2019,119.27,119.81,104.19,104.65,3656841347,,
2/9/2019,119.43,120.69,118,119.21,2884650400,,
2/10/2019,124.81,124.85,117.11,119.41,3148766590,,
2/11/2019,121.3,124.87,120.31,124.87,3222473887,,
2/12/2019,122.57,123.47,119.6,121.18,3149576429,,
2/13/2019,122.55,125.55,121.61,122.54,3386585799,,
2/14/2019,121.39,124.45,121.33,122.42,3331701628,,
2/15/2019,122.1,123.66,121.37,121.45,3021741615,,
2/16/2019,123.26,124.13,122.3,122.4,2905833287,,
2/17/2019,133.6,134.46,123.09,123.18,4236081130,,
2/18/2019,146.1,147.69,133,133.03,5387525773,,
2/19/2019,145.35,149.93,145.13,146.4,5310842625,,
2/20/2019,149.55,149.55,142.5,145.17,4500094965,,
2/21/2019,146.13,149.35,144.56,149.35,3995766856,,
2/22/2019,149.09,149.27,145.21,146.07,3731099284,,
2/23/2019,158.8,159.13,147.33,148.68,4519468458,,
2/24/2019,135.85,165.55,135.85,158.9,5957715043,,
2/25/2019,139.82,142.53,135.48,135.5,4914392068,,
2/26/2019,138.09,139.98,136.58,139.65,3791292839,,
2/27/2019,136.13,141.34,131.6,138.03,4469776860,,
2/28/2019,136.75,138.85,135.66,136.28,4535438953,,
3/1/2019,136.44,139,136.43,136.84,3756124824,,
3/2/2019,134.21,137.18,132.44,136.35,3747176425,,
3/3/2019,132.25,135.85,131.33,134.79,3454374053,,
3/4/2019,127.77,132.73,125.4,132.16,4008171341,,
3/5/2019,137.82,138.23,126.74,127.79,4764849990,,
3/6/2019,138.79,139.97,136.15,137.96,4589054219,,
3/7/2019,138.03,140.86,137.27,138.94,4339206292,,
3/8/2019,135.13,139.5,133.56,138.31,4678816794,,
3/9/2019,137.97,139.12,134.68,134.89,5011918715,,
3/10/2019,136.76,138.27,135.69,138.18,4578438499,,
3/11/2019,133.83,137.35,133.1,136.85,4689807419,,
3/12/2019,134.44,135.27,130.94,134.01,4709988000,,
3/13/2019,133.26,134.61,132.72,134.61,4265162099,,
3/14/2019,133.71,135.18,132.75,133.2,4476532147,,
3/15/2019,137.69,138.4,133.57,133.57,4506861856,,
3/16/2019,142.4,144.56,137.91,137.91,4839003569,,
3/17/2019,140,142.37,139.32,142.24,3827157729,,
3/18/2019,139.37,142.27,138.84,140.1,4551739879,,
3/19/2019,140.52,140.99,139.14,139.25,4251488129,,
3/20/2019,140.69,140.95,138.31,140.48,4664134462,,
3/21/2019,136.64,141,135.86,140.48,5087247796,,
3/22/2019,137.18,138.79,136.23,136.56,4490899266,,
3/23/2019,138.24,139.39,136.91,137.04,4436568613,,
3/24/2019,136.99,138.38,136.31,138.32,4266845458,,
3/25/2019,135.03,137.7,133.49,137.08,4480516753,,
3/26/2019,135.46,135.46,133.76,135.05,4499271679,,
3/27/2019,140.99,141.08,135.34,135.45,5228240093,,
3/28/2019,139.42,141.01,138.43,141.01,4163212475,,
3/29/2019,142.5,142.55,138.05,139.34,5125602702,,
3/30/2019,142.09,149.61,141.03,142.36,5144662127,,
3/31/2019,141.51,142.19,140.7,142.14,4249050197,,
4/1/2019,141.83,142.73,140.74,141.47,4611999536,,
4/2/2019,163.96,165.23,141.64,141.84,9826645698,,
4/3/2019,161.46,178.32,157.32,164.01,10622456246,,
4/4/2019,158.05,164.93,155.24,161.43,7953123529,,
4/5/2019,165.51,167.22,157.44,158.02,7531316908,,
4/6/2019,165.95,172.52,161.8,165.51,7167016221,,
4/7/2019,174.53,175.21,164.93,165.98,7596176020,,
4/8/2019,180.26,184.38,174.16,174.45,9304964610,,
4/9/2019,176.11,180.25,175.09,180.22,7632529578,,
4/10/2019,177.34,183.13,175.23,176.07,7856924879,,
4/11/2019,165.5,177.49,162.32,177.34,7859383417,,
4/12/2019,164.74,166.13,161.03,165.34,6237185309,,
4/13/2019,164.51,166.36,163.01,164.62,4959301561,,
4/14/2019,167.84,168.59,162.78,164.48,4846298303,,
4/15/2019,161.57,168.82,159.56,167.9,5672311824,,
4/16/2019,167.62,167.67,160.89,161.53,5180105341,,
4/17/2019,166.95,168.94,165.5,167.55,5596102715,,
4/18/2019,173.81,175.37,166.67,166.91,6971581464,,
4/19/2019,173.71,173.98,170.62,173.79,6541053061,,
4/20/2019,173.75,176.71,171.79,173.72,6142567812,,
4/21/2019,170.05,174.42,167.43,173.72,6005571688,,
4/22/2019,171.87,173.07,168.73,170.02,6094878077,,
4/23/2019,171.45,176.85,170.9,172.01,7097827092,,
4/24/2019,165.83,171.57,161.98,171.35,7351304156,,
4/25/2019,154.46,166.51,153.85,165.91,6820332362,,
4/26/2019,156.35,158.03,152.09,154.58,7505283355,,
4/27/2019,158.43,160.59,155.62,156.27,5863109118,,
4/28/2019,157.3,159.57,157.13,158.5,5379894433,,
4/29/2019,155.2,158.33,153.19,157.29,6053776253,,
4/30/2019,162.17,162.43,155.17,155.17,6275803460,,
5/1/2019,160.82,164.06,159.66,162.19,5789172433,,
5/2/2019,162.12,162.94,160.06,160.85,6044171062,,
5/3/2019,167.95,170.07,161.08,162.08,7299410672,,
5/4/2019,164.03,170.65,161.79,167.89,6658100049,,
5/5/2019,163.45,165.4,159.7,164.02,5938415562,,
5/6/2019,172.65,175.76,159.99,163.34,7540096853,,
5/7/2019,169.8,180.39,169.69,172.43,8411140170,,
5/8/2019,170.95,172.18,166.41,169.9,6416569598,,
5/9/2019,170.29,172.88,167.25,170.95,6546914198,,
5/10/2019,173.14,175.89,168.99,170.31,8036919053,,
5/11/2019,194.3,203.47,173.14,173.14,12578331654,,
5/12/2019,187.33,201.88,183.65,194.16,10326050090,,
5/13/2019,196.85,205.1,185.31,187.42,10367149039,,
5/14/2019,217.15,217.87,196.05,196.74,12751049755,,
5/15/2019,247.15,247.45,216.82,217.01,13460006534,,
5/16/2019,264.01,275.39,245.8,246.94,18661465873,,
5/17/2019,243.76,266.98,227.77,263.85,16037551694,,
5/18/2019,234.6,246.36,233.1,243.91,10933142646,,
5/19/2019,261.29,263.74,233.76,234.45,12049250894,,
5/20/2019,251.86,261.55,241.8,261.27,10834541285,,
5/21/2019,255.22,262.11,248.2,251.65,11545049593,,
5/22/2019,244.7,258.8,242.73,255,9818257463,,
5/23/2019,245.97,247.62,233.79,244.67,10671663487,,
5/24/2019,249.48,255.26,243.24,245.99,9929433206,,
5/25/2019,251.76,257.36,249.09,249.69,8924985385,,
5/26/2019,267.07,269.17,247.25,251.72,9664267731,,
5/27/2019,272.86,278.51,265.44,267.14,12074664736,,
5/28/2019,271.77,274.32,267.51,272.59,10362846898,,
5/29/2019,269.46,273.76,263.09,271.78,9819132174,,
5/30/2019,255.86,287.2,247.35,269.55,13604268584,,
5/31/2019,268.11,268.66,249.11,256.02,11255023515,,
6/1/2019,265.39,273.56,263.52,268.43,9942869852,,
6/2/2019,270.23,272.81,265.04,265.51,8744111713,,
6/3/2019,252.61,270.33,251.26,270.09,9375712917,,
6/4/2019,241.34,252.51,236.13,252.51,10132549747,,
6/5/2019,247.05,248.14,239.98,241.5,8548917062,,
6/6/2019,249.47,249.94,238.5,246.93,8265146806,,
6/7/2019,250.93,254.35,246.6,249.34,8379534528,,
6/8/2019,245.74,252.38,243.23,251.25,7225996863,,
6/9/2019,233.09,245.97,229.26,245.54,7566421456,,
6/10/2019,247.52,247.66,229.34,232.83,8141159848,,
6/11/2019,245.78,248.66,239.83,247.86,7382269700,,
6/12/2019,260.9,261.02,244.49,245.93,8645598618,,
6/13/2019,256.17,262.16,255.6,260.91,8442077836,,
6/14/2019,264.09,265.37,254.15,256.18,8676891267,,
6/15/2019,269.02,271.51,262.12,263.93,8126853944,,
6/16/2019,269.22,278.14,265.54,268.9,9676746453,,
6/17/2019,274.35,275.44,268.35,269.09,6009795781,,
6/18/2019,265.05,274.32,263.14,274.32,6205242504,,
6/19/2019,269.43,270.33,264.75,265.06,5516510947,,
6/20/2019,271.7,274.07,265.5,269.41,6408981097,,
6/21/2019,294.91,295.3,271.74,271.74,9331694140,,
6/22/2019,309.38,315.19,294.73,295.12,10613731255,,
6/23/2019,307.83,318.57,305.76,309.42,8161062380,,
6/24/2019,310.42,312.33,299.56,307.72,8205712062,,
6/25/2019,318.13,318.13,307.64,310.68,9641764965,,
6/26/2019,336.75,361.4,315.95,317.99,16437084081,,
6/27/2019,294.27,343.43,278.57,336.96,14038092503,,
6/28/2019,311.23,313.03,292.94,294.14,11514656820,,
6/29/2019,320.06,322.04,294.75,311.28,10929374565,,
6/30/2019,290.7,322.79,290.7,319.58,10303111000,,
7/1/2019,293.64,301.03,280.02,290.27,10292223948,,
7/2/2019,291.6,295.66,272.6,293.54,10618413952,,
7/3/2019,303.1,303.34,291.4,291.76,9926711979,,
7/4/2019,284.52,303.96,282.77,303.03,8403513106,,
7/5/2019,288,293.92,282.69,284.38,8723493015,,
7/6/2019,287.55,295.99,286.67,287.89,7674615025,,
7/7/2019,305.7,310.14,286.11,287.6,8119724981,,
7/8/2019,313.25,314.27,303.5,305.73,9078905628,,
7/9/2019,308.88,318.22,305.29,313.33,10055159803,,
7/10/2019,290,313.07,285.57,308.85,11679985167,,
7/11/2019,268.7,290.02,266.09,289.95,10216287022,,
7/12/2019,276.28,278.86,268,268.69,8148936015,,
7/13/2019,269.46,276.69,263.07,276.29,6716829429,,
7/14/2019,227.58,269.64,227.27,269.28,8578339386,,
7/15/2019,229.78,235.03,210.39,227.97,9723674244,,
7/16/2019,199.19,234.51,197.38,229.75,9036620494,,
7/17/2019,211.48,217.98,193.99,199.07,9387747640,,
7/18/2019,226.57,229.24,208.04,211.44,9327816059,,
7/19/2019,221.33,226.94,215.84,226.66,7606433131,,
7/20/2019,229.12,234.2,221.19,221.41,7976245988,,
7/21/2019,225.63,229.86,219.03,229.17,6685082868,,
7/22/2019,217.56,226.86,213.45,225.7,6338843919,,
7/23/2019,212.73,218.52,209.64,217.57,6976091534,,
7/24/2019,217.05,217.54,203.89,212.55,7168982843,,
7/25/2019,219.62,224.25,216.14,216.97,6731281160,,
7/26/2019,219.63,220.24,214.13,219.63,5729852178,,
7/27/2019,207.41,223.52,204.9,219.62,6257703908,,
7/28/2019,211.19,212.04,202.25,207.41,5504887934,,
7/29/2019,211.27,213.93,208.76,211.12,5485190664,,
7/30/2019,210.52,213.61,206.87,211.34,5489918859,,
7/31/2019,218.65,218.65,210.44,210.49,6003828340,,
8/1/2019,217.81,218.81,212.91,218.55,5965442642,,
8/2/2019,217.87,222.18,215.98,217.88,6159440229,,
8/3/2019,222.49,224.62,217.33,217.9,5697798687,,
8/4/2019,222.67,224.23,218.49,222.58,5238542572,,
8/5/2019,234.22,235.64,222.6,222.65,7765060287,,
8/6/2019,226.02,239.12,223.55,234.25,7647742672,,
8/7/2019,226.39,229.66,222.78,225.93,7020342210,,
8/8/2019,220.94,226.77,216.52,226.52,6713525644,,
8/9/2019,210.49,221.36,208.25,220.91,6964818795,,
8/10/2019,206.73,213.73,203.79,210.53,6584748527,,
8/11/2019,216.09,216.6,206.51,206.73,6440605605,,
8/12/2019,211.29,216.14,210.95,216.06,5674315559,,
8/13/2019,208.71,211.38,205.42,211.34,5946313205,,
8/14/2019,186.61,209.07,186.33,208.6,7444456154,,
8/15/2019,188.5,189.46,178.14,186.68,8197244441,,
8/16/2019,185.44,188.91,180.38,188.64,7133915837,,
8/17/2019,185.69,186.7,182.59,185.53,5512696513,,
8/18/2019,194.49,197.52,183.69,185.84,5969012024,,
8/19/2019,203.09,203.56,193.11,194.56,6145148692,,
8/20/2019,196.57,203.02,195.62,202.81,6408417610,,
8/21/2019,186.89,197.03,182.69,196.62,7775772700,,
8/22/2019,191.33,194.42,183.38,186.94,7569043874,,
8/23/2019,194.71,195.91,189.56,191.11,6658162377,,
8/24/2019,191.29,194.78,187.63,194.67,6249737982,,
8/25/2019,186.84,192.16,184.96,191.23,5826017143,,
8/26/2019,188.93,193.44,186.74,186.74,7207986636,,
8/27/2019,187.52,188.96,185.47,188.95,6042327402,,
8/28/2019,173.89,187.93,172.19,187.5,6696604087,,
8/29/2019,169.52,174,167.17,173.96,7129569083,,
8/30/2019,168.83,170.77,167.07,169.49,5776520220,,
8/31/2019,172.47,174.32,167.8,168.89,5830212249,,
9/1/2019,171.63,173.7,169.53,172.46,5554799576,,
9/2/2019,178.35,180.15,170.45,171.7,6503447137,,
9/3/2019,179.5,182.35,175.97,178.36,6962728938,,
9/4/2019,175.99,180.14,175.33,179.49,5938120494,,
9/5/2019,174.22,176.16,171.75,175.97,5589476516,,
9/6/2019,169.96,177.72,168.34,174.17,6797611878,,
9/7/2019,178.26,180.85,169.44,169.96,6791531342,,
9/8/2019,181.36,182.98,178.14,178.28,6472677266,,
9/9/2019,181.15,184.15,177.42,181.36,7232938985,,
9/10/2019,179.79,184.06,178.12,181.21,6291476772,,
9/11/2019,178.73,181.76,176.5,179.84,7157139035,,
9/12/2019,181.02,182,177.85,178.8,5838605477,,
9/13/2019,181.11,181.5,178.58,180.98,5955041237,,
9/14/2019,188.11,188.45,180.37,181.32,6500686511,,
9/15/2019,189.79,190.4,186.45,188.07,6222874780,,
9/16/2019,197.11,198.2,189.69,189.69,8242029488,,
9/17/2019,208.61,213.73,196.72,197.11,10232590812,,
9/18/2019,211.39,216.71,208.05,208.05,9194634557,,
9/19/2019,221.28,222.87,204.69,211.25,10620070913,,
9/20/2019,218.05,221.6,215.16,221.07,8027974273,,
9/21/2019,215.52,220.96,215,217.9,7743309778,,
9/22/2019,211.55,216.09,207.64,215.49,7812854576,,
9/23/2019,201.92,211.84,201.89,211.71,7494673136,,
9/24/2019,168.11,203.5,162.73,201.84,11757739233,,
9/25/2019,170.89,174.72,164.91,168.13,9766632018,,
9/26/2019,166.73,171.69,157.13,170.76,7848286154,,
9/27/2019,174.71,175.61,163.21,166.65,7909313625,,
9/28/2019,174.57,175.78,170.77,174.68,6895423445,,
9/29/2019,170.5,175.21,167,174.61,6497088199,,
9/30/2019,179.87,179.87,167.04,170.46,7552915148,,
10/1/2019,177.34,185.05,175.81,180.21,7676276225,,
10/2/2019,180.71,180.83,175.33,177.22,6335595250,,
10/3/2019,175.2,180.8,172.6,180.7,6381403725,,
10/4/2019,176.99,178.55,173.56,175.24,6248928449,,
10/5/2019,176.35,177.71,173.07,176.95,5837211771,,
10/6/2019,173.06,177.36,171.3,176.36,5852890674,,
10/7/2019,181.19,182.36,171.53,172.94,7844316834,,
10/8/2019,182.02,184.36,179.13,181.11,7466282780,,
10/9/2019,193.29,194.3,180.67,182.04,9088122101,,
10/10/2019,191.66,193.9,188.31,193.19,8375913276,,
10/11/2019,182.57,195.32,181.66,191.8,9128522970,,
10/12/2019,180.83,186.3,179.98,182.53,7494328840,,
10/13/2019,182.08,185.08,180.32,180.86,6733182273,,
10/14/2019,186.96,187.3,181.66,182.03,7276520699,,
10/15/2019,181.41,187.76,179.46,186.98,7731456579,,
10/16/2019,176.01,181.67,174.06,181.34,7691244590,,
10/17/2019,178.03,178.9,174.57,175.91,6737237423,,
10/18/2019,173.62,178.18,171.01,177.99,7566257807,,
10/19/2019,172.91,175.61,172.22,173.65,6551453871,,
10/20/2019,175.53,176.72,171.21,172.97,6801091120,,
10/21/2019,174.92,177.74,173.29,175.52,6815820627,,
10/22/2019,172.3,175.65,172.27,174.91,6990951966,,
10/23/2019,162.4,172.42,157.46,172.26,9624925919,,
10/24/2019,162.17,164.15,160.89,162.51,7300917537,,
10/25/2019,181.52,183,161.97,162.19,10358594018,,
10/26/2019,179.84,195.94,176.13,181.67,13831784986,,
10/27/2019,184.24,188.16,177.68,179.93,10815941952,,
10/28/2019,182.66,187.88,180.25,184.4,10406734124,,
10/29/2019,190.34,191.85,182.36,182.67,10622761958,,
10/30/2019,184.69,191.11,181.55,190.34,10484902804,,
10/31/2019,183.97,188.75,180.07,184.8,9607939606,,
11/1/2019,183.97,185.06,181.09,183.8,9145611130,,
11/2/2019,183.93,185.71,182.8,184.02,8087991830,,
11/3/2019,182.43,185.02,179.82,183.99,8760247744,,
11/4/2019,186.36,188.02,181.82,182.32,10551917945,,
11/5/2019,189.3,191.26,184.33,186.31,10024177342,,
11/6/2019,191.59,193.55,188.67,189.11,10156458684,,
11/7/2019,187.98,191.86,186.57,191.5,9081247799,,
11/8/2019,184.21,188.82,182.54,187.92,9176780911,,
11/9/2019,185.03,185.84,183.9,184.31,7277418704,,
11/10/2019,189.48,190.92,184.69,184.94,8752784211,,
11/11/2019,185.49,190.34,185.09,189.5,7877424106,,
11/12/2019,186.84,187.95,184.19,185.56,7792186666,,
11/13/2019,188.26,189.33,185.94,186.94,7343173596,,
11/14/2019,186,188.63,184.99,188.27,7872664470,,
11/15/2019,180.52,186.25,179.38,186.06,8815678477,,
11/16/2019,183.35,184.16,179.99,180.5,6789888120,,
11/17/2019,185.12,188.19,182.34,183.35,7364325471,,
11/18/2019,180.56,186.93,179.18,185.04,7787662111,,
11/19/2019,177.46,182.53,175.2,180.5,7536699743,,
11/20/2019,175.7,178.99,175.29,177.42,7205785149,,
11/21/2019,161.46,176.21,159.37,175.67,8546371325,,
11/22/2019,150.27,163.03,142.34,161.51,12020749863,,
11/23/2019,153.42,154.1,147.6,150.21,8289198330,,
11/24/2019,142.83,153.97,142.83,153.43,7782769098,,
11/25/2019,146.48,150.21,133.8,142.7,10962753356,,
11/26/2019,148.97,150,145.22,146.4,7648516297,,
11/27/2019,153.01,154.89,143.53,148.4,8778095308,,
11/28/2019,151.72,156.61,151.09,153.07,7346531960,,
11/29/2019,155.3,156.85,151.46,151.77,7503898278,,
11/30/2019,152.54,156.69,151.23,155.29,6565950868,,
12/1/2019,151.19,152.49,147.07,152.49,7102780298,,
12/2/2019,149.06,152.12,147.61,151.18,6670561362,,
12/3/2019,147.96,150.31,146,149.06,6204379850,,
12/4/2019,146.75,150.68,145,147.92,7865937094,,
12/5/2019,149.25,153.16,145.46,146.69,6745910228,,
12/6/2019,149.19,149.67,147.61,149.4,6458766441,,
12/7/2019,148.77,149.8,148.37,149.2,5911233284,,
12/8/2019,151.26,152.39,148.31,148.74,6441727252,,
12/9/2019,148.23,151.91,147.62,151.22,6744206747,,
12/10/2019,146.27,148.56,144.91,148.18,6859512025,,
12/11/2019,143.61,147.14,143.05,146.32,7037180049,,
12/12/2019,145.6,145.75,141.44,143.62,7890383413,,
12/13/2019,144.94,145.86,143.75,145.66,7264810247,,
12/14/2019,142.87,145.53,142.43,144.95,7048066973,,
12/15/2019,143.11,143.93,139.43,142.86,7235153411,,
12/16/2019,133.61,143.22,132.46,143.14,8992282119,,
12/17/2019,122.6,134.01,121.4,133.65,9057166141,,
12/18/2019,133.09,133.39,119.78,122.66,11864518321,,
12/19/2019,129.32,134.19,125.97,133.05,9564699140,,
12/20/2019,129.07,129.76,126.99,129.38,8173594150,,
12/21/2019,128.13,129.15,127.61,129.1,7449064703,,
12/22/2019,132.37,133.16,127.93,128.1,9121058481,,
12/23/2019,128.61,134.73,127.42,132.31,9622497693,,
12/24/2019,129.06,131.67,127.31,128.63,7961819689,,
12/25/2019,126.45,129.07,124.89,129.07,8418019054,,
12/26/2019,126.36,130.9,125.41,126.49,8600871980,,
12/27/2019,127.21,128.1,124.82,126.37,8299390176,,
12/28/2019,128.32,130.26,126.9,127.21,8069298610,,
12/29/2019,134.76,136.81,128,128.27,9708776786,,
12/30/2019,132.63,136.76,131.55,134.8,9796951716,,
12/31/2019,129.61,133.73,128.8,132.61,8936866397,,
1/1/2020,130.8,132.84,129.2,129.63,7935230330,,
1/2/2020,127.41,130.82,126.95,130.82,8032709256,,
1/3/2020,134.17,134.55,126.49,127.41,10476845358,,
1/4/2020,135.07,136.05,133.04,134.17,7430904515,,
1/5/2020,136.28,139.41,135.05,135.07,7526675353,,
1/6/2020,144.3,144.33,136.08,136.31,9093747121,,
1/7/2020,143.54,145,140.49,144.31,9257954672,,
1/8/2020,141.26,146.83,138.27,143.49,9387194957,,
1/9/2020,138.98,141.39,136.24,141.16,7697325348,,
1/10/2020,143.96,144.17,135.52,138.97,9084816203,,
1/11/2020,142.93,146.48,142.21,143.41,9332208590,,
1/12/2020,145.87,146.15,142.71,143.03,8528167453,,
1/13/2020,144.23,146.79,142.91,146.22,8378529470,,
1/14/2020,165.96,167.68,144.06,144.25,16712318373,,
1/15/2020,166.23,170.43,161.11,165.73,15173694057,,
1/16/2020,164.39,167.06,159.71,166.33,13735193018,,
1/17/2020,170.78,173.07,162.78,164.49,14997091826,,
1/18/2020,175.37,178.53,166.79,170.75,14929342256,,
1/19/2020,166.97,177.25,163.68,175.47,13713374132,,
1/20/2020,167.12,169.11,162.33,166.9,11144529787,,
1/21/2020,169.7,169.91,165.82,167.06,9789369362,,
1/22/2020,168.29,171.01,166.77,169.61,9209827928,,
1/23/2020,162.93,168.31,160.3,168.3,10396868698,,
1/24/2020,163.05,164.31,156.75,162.9,10657671162,,
1/25/2020,161.28,163.23,158.63,163.07,8256956802,,
1/26/2020,168.08,168.22,160.28,161.18,9261861590,,
1/27/2020,170.93,172.92,166.9,168.01,11004476145,,
1/28/2020,176.37,176.37,170.74,170.88,11772875064,,
1/29/2020,175.05,178.84,175.05,176.35,10725267311,,
1/30/2020,184.69,186.26,172.37,174.92,12604789338,,
1/31/2020,180.16,185.41,176.3,184.74,11728616394,,
2/1/2020,183.67,183.85,179.75,180.11,11569697182,,
2/2/2020,188.62,193.08,180.17,183.53,14054425389,,
2/3/2020,189.87,193.44,188.01,188.61,12392875241,,
2/4/2020,189.25,191.11,185.4,189.86,11714191695,,
2/5/2020,204.23,206.8,188.75,189.3,14865434435,,
2/6/2020,212.34,214.6,201.9,204.13,16425589683,,
2/7/2020,222.73,223.14,212.3,212.32,16673443564,,
2/8/2020,223.15,226.59,215.39,222.51,16741203125,,
2/9/2020,228.58,229.86,222.98,222.98,15031356241,,
2/10/2020,223.52,229.18,218.08,228.55,16210008511,,
2/11/2020,235.85,236.55,218.62,223.38,16964695963,,
2/12/2020,265.41,272.4,235.9,235.9,24545049386,,
2/13/2020,268.1,273.74,258.92,265.05,25801317504,,
2/14/2020,284.22,285.06,262.76,268.02,23558253463,,
2/15/2020,264.73,287.12,264.28,284.56,23682452994,,
2/16/2020,259.89,272.88,242.48,264.9,25152366643,,
2/17/2020,266.36,266.87,244.34,259.89,26024080089,,
2/18/2020,281.94,283.2,261.46,266.51,26511477187,,
2/19/2020,259.76,283.54,259.76,282.04,22679414413,,
2/20/2020,257.95,263.7,250.95,259.82,23229828870,,
2/21/2020,265.6,267,255.69,257.89,20867593292,,
2/22/2020,262.33,266.39,258.91,265.55,16906032862,,
2/23/2020,273.75,273.75,261.96,262.28,19585998814,,
2/24/2020,265.22,275.54,259.63,273.71,22400845640,,
2/25/2020,247.82,265.43,246.86,265.28,21878882134,,
2/26/2020,225.68,249.65,221.27,247.74,26235617201,,
2/27/2020,226.75,237.23,212.66,225.69,25645522790,,
2/28/2020,226.76,234.21,216.35,226.99,22563530559,,
2/29/2020,219.85,232.26,219.85,226.83,18181296376,,
3/1/2020,218.97,226.68,214.13,219.75,18179807469,,
3/2/2020,230.57,232.81,217.28,218.71,20305587789,,
3/3/2020,224.48,232.33,221.73,230.52,19853178572,,
3/4/2020,224.52,228.04,222.09,224.57,16567075208,,
3/5/2020,229.27,234.36,224.64,224.64,18201291785,,
3/6/2020,243.53,243.55,228.74,229.17,19374772256,,
3/7/2020,237.85,249.98,237.55,243.75,19431652027,,
3/8/2020,200.69,237.78,200.6,237.78,21381823651,,
3/9/2020,201.99,207.45,192.27,201.32,23645428606,,
3/10/2020,200.77,205.71,198.06,202.86,18344930072,,
3/11/2020,194.87,202.95,184.36,200.77,16984790291,,
3/12/2020,112.35,195.15,111.21,194.74,22134741655,,
3/13/2020,133.2,137.43,95.18,112.69,27864623061,,
3/14/2020,123.31,134.48,122.41,133.58,12740784545,,
3/15/2020,125.21,132.24,121.85,123.25,12719251813,,
3/16/2020,110.61,125,105.17,125,15984904590,,
3/17/2020,113.94,118.99,110.41,110.41,12087490572,,
3/18/2020,114.84,116.02,111.74,113.86,11617854009,,
3/19/2020,136.59,140.53,114.73,114.84,16396753275,,
3/20/2020,132.74,150.85,122.61,136.65,18960388062,,
3/21/2020,132.82,135.97,127.16,133.1,13684083308,,
3/22/2020,123.32,136.15,122.91,132.85,12497707224,,
3/23/2020,134.91,134.91,121.87,123.37,14149877968,,
3/24/2020,138.76,141.95,133.17,135.19,14609068673,,
3/25/2020,136.2,141.4,134.3,138.91,13433092920,,
3/26/2020,138.36,138.83,134.89,136.19,11367261176,,
3/27/2020,133.94,139.9,133.94,138.37,11396286629,,
3/28/2020,130.99,134.03,126.96,134.03,12162403960,,
3/29/2020,125.58,131.17,125.45,131.02,9938133669,,
3/30/2020,132.9,133.91,125.29,125.58,11841123306,,
3/31/2020,133.59,134.27,131.65,132.82,11065246317,,
4/1/2020,135.63,135.63,129.73,133.61,12456564435,,
4/2/2020,142.03,146.79,135.73,135.73,15322861686,,
4/3/2020,142.09,146.9,139.62,142.11,13184603402,,
4/4/2020,145.22,145.38,140.12,142.22,11946658257,,
4/5/2020,143.55,146.13,142.1,145.26,11280993591,,
4/6/2020,169.14,169.27,143.54,143.61,21636382525,,
4/7/2020,165.1,175.2,164.2,169.15,21659346091,,
4/8/2020,172.64,173.21,164.49,165.24,17063110836,,
4/9/2020,170.81,172.9,167.99,172.76,14901696210,,
4/10/2020,158.41,170.95,154.91,170.83,17980944616,,
4/11/2020,158.22,161.17,155.3,158.54,13555089447,,
4/12/2020,161.14,164.52,156.32,158.23,15123721386,,
4/13/2020,156.28,160.75,151.61,160.72,16465282133,,
4/14/2020,157.6,160.94,155.87,156.36,14723156630,,
4/15/2020,153.29,160.71,152.8,157.57,14171753737,,
4/16/2020,172.16,173.16,150.36,153.2,22910469236,,
4/17/2020,171.64,174.28,169.75,172.28,16714684266,,
4/18/2020,186.91,187.94,171.62,171.62,20160323443,,
4/19/2020,181.61,188.1,180.12,186.86,19146038381,,
4/20/2020,172.3,186.08,170.32,181.48,21266681335,,
4/21/2020,172.74,175.18,170.55,172.02,16458767984,,
4/22/2020,182.6,183.75,171.83,172.67,17994666395,,
4/23/2020,185.03,189.09,180.34,182.62,21275740032,,
4/24/2020,189.24,190.21,185.22,185.22,16788555028,,
4/25/2020,195.52,196.79,188.46,189.21,18260969748,,
4/26/2020,197.32,199.34,194.77,195.41,18335367012,,
4/27/2020,197.22,199.55,193.45,197.48,18670194595,,
4/28/2020,198.42,198.79,194.85,197.27,18217507467,,
4/29/2020,216.97,218.45,198.12,198.47,26397548759,,
4/30/2020,207.6,227.53,206.44,216.91,28089191904,,
5/1/2020,214.22,217.63,207.78,207.9,20816320834,,
5/2/2020,215.33,215.85,212.88,214.23,18260876092,,
5/3/2020,210.93,219.27,208.69,215.35,20469034664,,
5/4/2020,208.17,211.83,199.05,210.89,22602446422,,
5/5/2020,206.77,211.78,204.03,208.01,19004689099,,
5/6/2020,204.06,211.53,204.04,206.48,20343543799,,
5/7/2020,212.29,214.39,202.07,203.91,23594744655,,
5/8/2020,212.99,216.33,208.83,212.2,20445139356,,
5/9/2020,211.6,214.74,209.07,213.14,18950547549,,
5/10/2020,188.6,211.55,182.71,211.55,25211575193,,
5/11/2020,185.91,191.36,180.72,188.63,20054601647,,
5/12/2020,189.31,191.6,185.7,185.88,15899726284,,
5/13/2020,199.19,200.2,189.13,189.37,17054662289,,
5/14/2020,202.95,204.12,196.87,198.89,20150524861,,
5/15/2020,195.62,203.57,193.76,202.96,16602342092,,
5/16/2020,200.68,202.77,194.5,195.61,15379081645,,
5/17/2020,207.16,209.16,200.1,200.61,15470397303,,
5/18/2020,214.53,215.91,207.11,207.18,17411566928,,
5/19/2020,213.45,214.6,210.14,214.6,14346192779,,
5/20/2020,210.1,214.72,207.98,213.45,12730175511,,
5/21/2020,199.88,211.63,193.35,210.13,13308321229,,
5/22/2020,207.17,208.59,198.04,199.84,12041592114,,
5/23/2020,208.69,210.39,205.29,207.19,10665476768,,
5/24/2020,202.37,210.6,202.37,208.72,11833299572,,
5/25/2020,205.32,206.36,200.67,201.98,10415044124,,
5/26/2020,201.9,205.75,200.26,205.26,10159741290,,
5/27/2020,208.86,208.86,201.79,201.89,10631034756,,
5/28/2020,219.84,220.28,206.24,208.89,12212469604,,
5/29/2020,220.68,224.22,218.24,219.93,12265816557,,
5/30/2020,242.35,243.94,218.74,220.72,15027397867,,
5/31/2020,230.98,244.05,230.05,242.35,12234904813,,
6/1/2020,246.99,248.24,230.49,230.86,13951727936,,
6/2/2020,237.22,252.22,233.23,246.83,13782107567,,
6/3/2020,244.18,244.18,235.46,237.4,9861760817,,
6/4/2020,244.43,245.93,236.77,244.11,10170414304,,
6/5/2020,241.22,247.33,240.68,244.35,9293963914,,
6/6/2020,241.93,245.98,239.72,241.2,8114873845,,
6/7/2020,245.17,245.44,236.33,241.91,9544883157,,
6/8/2020,246.31,246.64,241.54,245.18,8076783299,,
6/9/2020,244.91,248.34,242.34,246.18,8446545788,,
6/10/2020,247.44,248.65,242.82,244.82,8792990206,,
6/11/2020,231.7,249.89,229.94,247.55,12356528860,,
6/12/2020,237.49,239.35,229.65,231.63,8868955009,,
6/13/2020,238.91,239.19,235.89,237.54,7141624980,,
6/14/2020,234.11,239.1,232.96,238.97,7439385176,,
6/15/2020,229.93,234.24,221.24,234.06,10536099884,,
6/16/2020,234.42,236.39,228.43,229.76,7965648016,,
6/17/2020,233.03,235.95,229.34,234.49,7701391592,,
6/18/2020,232.1,234.57,228.95,232.9,6713800872,,
6/19/2020,227.14,232.15,226.8,231.95,6946372590,,
6/20/2020,229.27,231.45,226.64,226.98,6252830566,,
6/21/2020,228.99,232.36,228.49,229.22,5600408178,,
6/22/2020,242.53,243.78,228.93,229,9079586552,,
6/23/2020,244.14,244.86,239.76,242.54,6624530348,,
6/24/2020,235.77,248.51,232.81,244.19,8815030025,,
6/25/2020,232.94,236.05,230.3,235.7,7010426122,,
6/26/2020,229.67,233.9,229.26,232.88,7187490226,,
6/27/2020,222.96,232.49,220.56,229.63,6918380955,,
6/28/2020,225.35,228.6,219.47,222.91,6205925718,,
6/29/2020,228.19,229.9,222.25,225.36,6726164653,,
6/30/2020,226.32,229.48,224.82,227.97,6094093001,,
7/1/2020,231.11,232.76,224.84,226.13,6463737443,,
7/2/2020,229.39,232.4,225.46,231.29,6212210566,,
7/3/2020,225.39,229.63,224.91,229.32,5109032700,,
7/4/2020,229.07,230.05,225.13,225.29,5228310135,,
7/5/2020,227.66,229.86,224.54,228.98,5292172429,,
7/6/2020,241.51,242.13,227.03,227.69,8782917553,,
7/7/2020,239.08,242.68,234.22,240.97,6441497597,,
7/8/2020,246.67,248.31,238.4,239.16,9892586411,,
7/9/2020,243.02,247.29,239.9,246.75,8429099199,,
7/10/2020,240.98,242.88,236.73,242.87,7281370522,,
7/11/2020,239.46,241.53,238.33,241.04,5643067316,,
7/12/2020,242.13,243.31,237.77,239.46,6596394718,,
7/13/2020,239.6,244.31,238.23,242.18,7787751468,,
7/14/2020,240.21,242,237.8,239.98,7357458555,,
7/15/2020,238.42,241.4,237.1,240.14,6189328448,,
7/16/2020,233.64,239.01,231.62,238.45,5832057567,,
7/17/2020,232.77,234.42,232.11,233.69,5859850529,,
7/18/2020,235.48,236.54,232.32,232.86,5397402117,,
7/19/2020,238.49,239.16,233.28,235.46,6251377305,,
7/20/2020,236.15,239.58,234.85,238.49,5600686192,,
7/21/2020,245.02,246.19,235.68,236.3,6806696015,,
7/22/2020,262.19,262.99,242.48,245.04,7702077383,,
7/23/2020,274.69,277.58,261.05,262.39,10281309262,,
7/24/2020,279.22,286.19,269.24,274.72,9466060358,,
7/25/2020,304.06,306.74,279.03,279.03,10785021813,,
7/26/2020,309.64,316.39,300.27,303.69,12003973026,,
7/27/2020,321.51,330.7,309.66,309.66,15644257058,,
7/28/2020,316.66,325.91,307.72,321.83,12357108065,,
7/29/2020,318.19,324.38,313.11,316.56,10878845706,,
7/30/2020,334.59,338.63,315.75,318.14,11827689045,,
7/31/2020,345.55,348.61,329.34,334.63,12030600492,,
8/1/2020,385.2,388.85,343.59,345.8,14045259477,,
8/2/2020,370.67,411.23,357.14,385.55,18909744275,,
8/3/2020,386.3,396.51,369.34,371.13,12834648062,,
8/4/2020,389.88,400.7,382.99,386.16,14086704221,,
8/5/2020,401.59,406.3,386.22,389.71,12875466638,,
8/6/2020,394.96,403.49,392.6,401.58,11304626458,,
8/7/2020,379.51,398.25,367.94,395.23,12751687084,,
8/8/2020,393.99,393.99,377.35,379.55,9342060531,,
8/9/2020,391.12,399.74,385.83,395.31,9451065592,,
8/10/2020,395.89,399.38,391.04,391.04,11685827893,,
8/11/2020,380.38,398.48,370.86,395.89,12792218737,,
8/12/2020,391.02,391.31,367.92,380.06,12408772745,,
8/13/2020,428.74,432.9,379.71,390.84,18480303526,,
8/14/2020,437.4,444.58,423.35,428.68,15064589987,,
8/15/2020,433.35,441.75,429.87,437.56,12416067894,,
8/16/2020,433.79,436.27,415.09,433.35,12168816874,,
8/17/2020,429.53,442.73,422.65,433.97,13227089410,,
8/18/2020,423.67,432.58,419.67,429.67,11978984079,,
8/19/2020,406.46,427.02,396.68,423.74,13137391167,,
8/20/2020,416.44,418.73,404.03,406.76,10043032427,,
8/21/2020,389.13,418.64,387.44,416.15,11781796374,,
8/22/2020,395.84,396.47,382.81,389.03,10131847985,,
8/23/2020,391.38,396.49,385.04,395.56,8137303970,,
8/24/2020,408.14,409.39,389.31,391.68,10328860398,,
8/25/2020,384,408.53,374.36,408.07,12428442042,,
8/26/2020,386.47,391.87,378.71,383.98,9967343483,,
8/27/2020,382.63,395.35,374.87,386.61,10457777652,,
8/28/2020,395.87,397.76,381.27,382.63,9120674421,,
8/29/2020,399.92,405.62,393.04,395.69,8777703481,,
8/30/2020,428.4,428.66,399.61,399.62,11211948040,,
8/31/2020,435.08,438.56,419.77,428.51,12774741797,,
9/1/2020,477.05,487.21,432.08,434.87,18862763756,,
9/2/2020,440.04,480.33,424.46,477.01,19691854014,,
9/3/2020,385.67,449.53,381.13,440.24,19622845896,,
9/4/2020,388.24,402.41,371.64,384.67,16747106257,,
9/5/2020,335.26,394.17,316.77,388.04,29880047640,,
9/6/2020,353.36,359.76,319.04,335.33,27643678917,,
9/7/2020,352.67,358.21,326.25,353.45,21763614732,,
9/8/2020,337.6,355.56,328.82,353.2,17991403432,,
9/9/2020,351.11,359.16,332.17,337.82,14547933520,,
9/10/2020,368.1,377.39,351.11,351.43,31421134556,,
9/11/2020,374.7,376.63,355.58,368.12,27296269329,,
9/12/2020,387.18,387.54,367.84,374.6,13295405814,,
9/13/2020,365.57,388.96,354.34,387.52,15005899191,,
9/14/2020,377.27,384.49,357.57,365.7,17536695361,,
9/15/2020,364.84,381.51,363.61,377.15,16140584321,,
9/16/2020,365.81,372.77,356.68,364.74,16107612177,,
9/17/2020,389.02,393.9,364.8,365.87,19899531080,,
9/18/2020,384.36,391.9,376.96,389.34,14108357740,,
9/19/2020,385.54,387.08,378.72,384.04,11049507684,,
9/20/2020,371.05,385.6,367.09,385.6,12292195784,,
9/21/2020,341.79,375.74,336.07,371.4,17398267133,,
9/22/2020,344.5,346.6,336.86,341.72,12732578043,,
9/23/2020,321.12,344.67,318.97,344.59,12899346599,,
9/24/2020,349.36,351.46,318.55,320.99,15714304470,,
9/25/2020,352.18,357.77,339.02,349.41,14381086966,,
9/26/2020,355.49,355.85,348.11,352.35,13049148579,,
9/27/2020,357.44,361.98,349.83,354.96,13598126926,,
9/28/2020,355.16,366.43,354.55,357.93,14258455166,,
9/29/2020,359.76,360.35,352.15,354.36,11600013236,,
9/30/2020,359.94,361.18,353.33,360.04,11818610610,,
10/1/2020,353.21,369.26,346.48,360.31,14679481911,,
10/2/2020,346.24,354.12,336.47,352.95,14215390463,,
10/3/2020,346.52,351.31,344.67,346.22,10060167889,,
10/4/2020,352.58,354.05,345.13,346.6,10696959020,,
10/5/2020,353.96,355.21,349.68,352.74,11809507622,,
10/6/2020,340.82,354.99,338,353.96,12830796112,,
10/7/2020,341.81,342.45,334.55,340.94,11929918060,,
10/8/2020,350.77,352.21,335.65,342.04,13461017711,,
10/9/2020,365.59,368.31,348.21,351.11,13043501763,,
10/10/2020,370.97,378.27,365.35,365.4,13618484324,,
10/11/2020,375.14,377.25,369.83,370.93,12584512533,,
10/12/2020,387.73,395.12,366.64,374.8,15867455424,,
10/13/2020,381.19,387.38,375.58,387.14,14226744838,,
10/14/2020,379.48,387.3,374.18,381.97,13918846567,,
10/15/2020,377.44,381.21,371.35,379.19,14964182545,,
10/16/2020,366.23,380.02,362.6,377.87,14670784817,,
10/17/2020,368.86,369.77,364.49,366.02,10951115359,,
10/18/2020,378.21,378.6,368.13,368.73,11047103109,,
10/19/2020,379.94,383.32,373.7,378.47,12811242092,,
10/20/2020,369.14,380.76,367.6,379.72,13741586582,,
10/21/2020,392.19,400.63,368.73,369.06,20241324322,,
10/22/2020,413.77,420.14,391.28,391.49,15772846485,,
10/23/2020,409.77,418.96,403.08,414.05,14256222052,,
10/24/2020,412.46,416.6,407.85,409.77,12201739194,,
10/25/2020,406.22,417.16,405.35,412.46,10890207469,,
10/26/2020,393.89,411.28,383.78,406.22,15155684229,,
10/27/2020,404,409.77,390.61,393.89,13940434102,,
10/28/2020,388.65,408.96,381.15,404,15276441134,,
10/29/2020,386.73,393.23,381.29,388.65,12920477749,,
10/30/2020,382.82,391.46,375.09,386.73,13688056970,,
10/31/2020,386.59,393.01,381.3,382.82,11276963426,,
11/1/2020,396.36,397.12,385.17,386.59,10475146018,,
11/2/2020,383.16,403.24,381.02,396.36,13997574252,,
11/3/2020,387.6,389.52,371.31,383.16,12588494762,,
11/4/2020,402.14,407.67,377.83,387.6,15126077675,,
11/5/2020,414.07,417.53,397.25,402.14,15440711038,,
11/6/2020,454.72,456.2,412.98,414.07,16738305610,,
11/7/2020,435.71,465.68,428.46,454.72,18873289788,,
11/8/2020,453.55,457.78,433.15,435.72,11292383601,,
11/9/2020,444.16,457.35,435.16,453.57,13704320630,,
11/10/2020,449.68,453.76,439.6,444.17,12090381666,,
11/11/2020,462.96,473.58,449.52,449.68,14075403511,,
11/12/2020,461.01,467.68,452.07,462.96,12877327234,,
11/13/2020,474.63,475.22,457.3,461.01,13191505725,,
11/14/2020,460.15,475.16,452.99,474.63,10312037942,,
11/15/2020,447.56,460.99,440.25,460.15,10308617165,,
11/16/2020,459.94,463.83,445.5,447.56,11441239444,,
11/17/2020,480.36,482.23,460.78,464.41,14593057877,,
11/18/2020,479.48,492,465.83,480.35,17880199224,,
11/19/2020,471.63,480.12,465.7,479.48,12473929218,,
11/20/2020,509.74,513.61,471.63,471.63,18629943296,,
11/21/2020,549.49,550.23,504.24,509.74,20757099184,,
11/22/2020,558.07,579.37,514.52,549.49,21967049601,,
11/23/2020,608.45,609.99,551.27,558.06,27272302872,,
11/24/2020,603.9,621.17,593.84,608.52,23281758100,,
11/25/2020,570.69,605.09,559.67,603.9,20088492893,,
11/26/2020,518.8,575.64,485.5,570.51,31104004592,,
11/27/2020,517.49,530.78,497.24,519.11,16831105703,,
11/28/2020,538.23,548.04,508.13,517.6,14770243833,,
11/29/2020,575.76,576.6,531.99,538.26,15017517758,,
11/30/2020,614.84,615.24,571.54,575.76,20276867833,,
12/1/2020,587.32,635.16,571.75,615.07,27178964465,,
12/2/2020,598.35,604.02,578.74,587.26,16883292129,,
12/3/2020,616.71,622.45,588.35,598.46,16146190946,,
12/4/2020,569.35,618.98,569.28,616.72,16337589997,,
12/5/2020,596.6,596.6,563.11,569.35,13498010566,,
12/6/2020,601.91,606.79,584.41,596.57,11290893016,,
12/7/2020,591.84,602.92,585.43,601.8,10720480962,,
12/8/2020,554.83,594.75,552.47,591.9,14398919320,,
12/9/2020,573.48,577.29,533,554.79,15855915840,,
12/10/2020,559.68,574.6,549.78,573.5,11672582040,,
12/11/2020,545.8,560.38,537.81,559.68,11098819124,,
12/12/2020,568.57,573.34,545.25,545.58,8534557897,,
12/13/2020,589.66,593.78,564.57,568.61,9070377862,,
12/14/2020,586.01,590.49,577.12,589.78,8125837102,,
12/15/2020,589.36,596.25,580.63,586.02,9326645840,,
12/16/2020,636.18,636.64,582.04,589.38,15817248373,,
12/17/2020,642.87,673.83,628.75,636.15,25479532147,,
12/18/2020,654.81,662.7,632.36,642.92,15756303983,,
12/19/2020,659.3,668.77,646.62,654.62,12830893778,,
12/20/2020,638.29,659.92,625.01,659.19,13375855442,,
12/21/2020,609.82,646.85,600.84,638.32,14419493621,,
12/22/2020,634.85,635.08,589.55,609.42,14745890080,,
12/23/2020,583.71,637.12,560.36,634.82,15261413038,,
12/24/2020,611.61,613.82,568.6,584.14,14317413703,,
12/25/2020,626.41,633.06,605.42,611.55,13520927700,,
12/26/2020,635.84,650.72,617.4,626.5,14761125202,,
12/27/2020,682.64,711.39,628.33,635.89,26093552821,,
12/28/2020,730.4,745.88,683.21,683.21,24222565862,,
12/29/2020,731.52,737.95,692.15,730.36,18710683199,,
12/30/2020,751.62,754.3,720.99,731.47,17294574210,,
12/31/2020,737.8,754.3,726.51,751.63,13926846861,,
1/1/2021,730.37,749.2,719.79,737.71,13652004358,,
1/2/2021,774.53,786.8,718.11,730.4,19740771179,,
1/3/2021,975.51,1006.57,771.56,774.51,45200463368,,
1/4/2021,1040.23,1153.19,912.31,977.06,56945985763,,
1/5/2021,1100.01,1129.37,986.81,1041.5,41535932781,,
1/6/2021,1207.11,1209.43,1064.23,1101.01,44699914188,,
1/7/2021,1225.68,1282.58,1167.44,1208.08,40468027280,,
1/8/2021,1224.2,1273.83,1076.08,1225.97,44334826666,,
1/9/2021,1281.08,1303.87,1182.27,1223.74,33233105361,,
1/10/2021,1262.25,1347.93,1194.72,1280.87,40616938053,,
1/11/2021,1090.15,1261.62,924.92,1261.62,60733630300,,
1/12/2021,1043.43,1149.24,1012.76,1088.53,37494601692,,
1/13/2021,1130.74,1134.34,994.55,1043.74,30109792795,,
1/14/2021,1218.45,1244.16,1093.06,1130.23,33410915929,,
1/15/2021,1171.83,1250.51,1090.72,1221.88,35972039310,,
1/16/2021,1233.54,1290.05,1157.62,1171.44,32319240157,,
1/17/2021,1230.17,1265.64,1174.39,1233.45,29258032819,,
1/18/2021,1257.28,1259.45,1187.31,1230.31,25817455560,,
1/19/2021,1377.3,1432.3,1254.52,1257.43,47195935190,,
1/20/2021,1382.27,1405.74,1243.3,1375.25,46784030909,,
1/21/2021,1121.57,1382.68,1098.48,1382.68,45932464754,,
1/22/2021,1236.51,1271.69,1046.6,1118.89,43918338506,,
1/23/2021,1230.99,1272.15,1200.89,1235.27,27253895441,,
1/24/2021,1391.61,1395.11,1225.27,1231.21,36418163554,,
1/25/2021,1324.41,1467.78,1304.97,1390.64,43565777745,,
1/26/2021,1357.06,1376.09,1253.34,1323.74,41572917750,,
1/27/2021,1253.19,1368.07,1215.31,1358.33,39394416990,,
1/28/2021,1332.49,1356.29,1226.17,1251.28,34637234789,,
1/29/2021,1382.52,1428.98,1292.24,1369.09,53611955259,,
1/30/2021,1376.12,1402.4,1328.53,1382.23,30616574234,,
1/31/2021,1314.99,1378.92,1288.5,1376.82,25198853581,,
2/1/2021,1369.04,1373.85,1274.36,1314.86,29210670920,,
2/2/2021,1515.19,1542.99,1362.77,1369.51,45437142801,,
2/3/2021,1660.91,1660.91,1510.01,1514.77,41874566399,,
2/4/2021,1594.76,1689.19,1561.85,1661.17,44396871836,,
2/5/2021,1718.65,1756.51,1594.79,1594.79,40108628454,,
2/6/2021,1677.85,1738.31,1649.07,1717.8,39873420648,,
2/7/2021,1614.23,1690.04,1501.75,1677.61,39889440151,,
2/8/2021,1746.62,1770.59,1571.58,1613.64,48012285956,,
2/9/2021,1768.04,1815.96,1711.62,1746.93,44180727529,,
2/10/2021,1744.24,1826.7,1686.54,1768.04,41916084617,,
2/11/2021,1783.8,1806.54,1708.68,1743.71,36021495262,,
2/12/2021,1843.53,1861.36,1744.17,1783.49,37905036865,,
2/13/2021,1814.11,1871.6,1770.61,1843.99,35359490535,,
2/14/2021,1805.08,1848.15,1789.91,1814.37,31439114900,,
2/15/2021,1779.79,1833.83,1683.91,1804.68,38955610883,,
2/16/2021,1781.07,1824.52,1729.64,1778.95,34269369268,,
2/17/2021,1848.46,1853.67,1736.71,1781.35,35955412703,,
2/18/2021,1937.45,1949.9,1848.21,1848.21,28255902969,,
2/19/2021,1960.16,1969.55,1896.68,1938.86,26268814253,,
2/20/2021,1919.53,2036.29,1830.53,1959.9,34696091102,,
2/21/2021,1935.6,1974.26,1890.37,1918.67,23626547717,,
2/22/2021,1781.99,1936.45,1580.63,1935.56,42409646036,,
2/23/2021,1570.2,1781.41,1378.84,1781.41,52029864713,,
2/24/2021,1626.58,1710.98,1511.02,1571.48,31329000537,,
2/25/2021,1475.7,1670.22,1465.06,1625.39,24481681873,,
2/26/2021,1446.03,1559.03,1407.98,1478.65,31435997881,,
2/27/2021,1459.97,1524.93,1433.79,1446.93,20742103233,,
2/28/2021,1416.05,1468.39,1300.47,1459.86,27637026080,,
3/1/2021,1564.71,1567.69,1416.42,1417.15,24032838645,,
3/2/2021,1492.61,1597.61,1461.33,1564.06,22523669722,,
3/3/2021,1575.85,1650.36,1481.91,1491.45,22674780680,,
3/4/2021,1541.91,1622.95,1511.1,1574.62,22906118718,,
3/5/2021,1533.28,1547.88,1450.89,1541.54,21067146937,,
3/6/2021,1654.74,1669.11,1519.14,1532.37,22746262366,,
3/7/2021,1723.15,1730.92,1636.56,1655.39,23809935410,,
3/8/2021,1834.73,1835.19,1670.94,1724.23,27630991158,,
3/9/2021,1868.05,1868.05,1804.27,1835.15,23461244507,,
3/10/2021,1799.17,1873.8,1766.49,1868.49,25154173185,,
3/11/2021,1826.19,1843.82,1734.62,1798.03,24013132909,,
3/12/2021,1772.1,1839.5,1728.98,1826.55,22435821312,,
3/13/2021,1924.69,1937.65,1733.64,1772.17,25014689475,,
3/14/2021,1854.56,1930.78,1845.12,1923.86,19344589211,,
3/15/2021,1791.7,1889.2,1749.61,1854.09,26244738810,,
3/16/2021,1806.97,1817.06,1720.05,1792.41,23828509590,,
3/17/2021,1823.45,1839.82,1749.18,1807.06,24512917348,,
3/18/2021,1782.86,1848.65,1705.72,1823.16,23263845504,,
3/19/2021,1817.62,1841.2,1746.47,1782.57,21249297710,,
3/20/2021,1812.63,1874.71,1811.73,1817.52,22677674970,,
3/21/2021,1788.22,1823.35,1764.14,1812.61,22977404620,,
3/22/2021,1691.33,1811.97,1674.3,1788.36,23599296129,,
3/23/2021,1678.65,1725.11,1662.54,1690.87,21998237965,,
3/24/2021,1593.41,1740.43,1570.79,1678,31228051473,,
3/25/2021,1595.36,1625.91,1560.37,1593.12,29650328701,,
3/26/2021,1702.84,1702.92,1594.74,1595.21,22548516548,,
3/27/2021,1716.49,1732.82,1674.32,1703.04,18102277710,,
3/28/2021,1691.36,1728.58,1672.66,1716.41,16599472938,,
3/29/2021,1819.68,1837.19,1683.72,1691.26,22796570548,,
3/30/2021,1846.03,1860.97,1793.92,1819.47,22512781703,,
3/31/2021,1918.36,1947.84,1793,1846.1,30226902621,,
4/1/2021,1977.28,1989.06,1912.18,1919.16,30914259795,,
4/2/2021,2143.23,2152.45,1960.68,1976.93,34862511022,,
4/3/2021,2028.42,2144.96,2028.42,2142.9,32011518871,,
4/4/2021,2093.12,2110.35,2007.11,2027.67,26006501902,,
4/5/2021,2107.89,2140.99,2032.39,2093.26,28889391170,,
4/6/2021,2118.38,2151.22,2057.61,2109.49,29222865881,,
4/7/2021,1971.08,2133.19,1945.44,2117.73,36116271935,,
4/8/2021,2088.57,2091.52,1959.08,1969.13,25312956529,,
4/9/2021,2072.11,2102.87,2055.16,2088.77,19812472092,,
4/10/2021,2135.94,2197,2062.79,2071.11,24986243611,,
4/11/2021,2157.66,2165.19,2119.87,2136.16,19692836132,,
4/12/2021,2139.35,2199.72,2110.37,2157.36,21727936609,,
4/13/2021,2299.19,2318.42,2138.56,2139.36,29456642939,,
4/14/2021,2435.1,2449.69,2284.56,2299.35,35592822986,,
4/15/2021,2519.12,2544.27,2409.92,2436.03,32325606817,,
4/16/2021,2431.95,2547.56,2318.68,2516.6,36196928256,,
4/17/2021,2344.9,2497.39,2333.68,2429.98,32349808978,,
4/18/2021,2237.14,2365.46,2011.77,2346.45,50696368718,,
4/19/2021,2166.19,2276.78,2086.69,2238.03,34060654971,,
4/20/2021,2330.21,2345.83,2060.14,2161.94,39433483315,,
4/21/2021,2364.75,2467.2,2238.37,2331.16,38899067643,,
4/22/2021,2403.54,2641.09,2315.96,2357.87,53575904724,,
4/23/2021,2363.59,2439.54,2117.04,2401.26,55413933925,,
4/24/2021,2211.63,2367.74,2163.69,2367.2,31854226936,,
4/25/2021,2316.06,2354.09,2172.52,2214.41,31814355546,,
4/26/2021,2534.48,2536.34,2308.32,2319.48,35208325408,,
4/27/2021,2662.87,2676.39,2485.38,2534.03,32275969215,,
4/28/2021,2746.38,2757.48,2564.08,2664.69,34269031076,,
4/29/2021,2756.88,2797.97,2672.11,2748.65,32578127990,,
4/30/2021,2773.21,2796.05,2728.17,2757.73,29777179889,,
5/1/2021,2945.89,2951.44,2755.91,2772.84,28726205272,,
5/2/2021,2952.06,2984.89,2860.53,2945.56,28032013047,,
5/3/2021,3431.09,3450.04,2951.18,2951.18,49174290212,,
5/4/2021,3253.63,3523.59,3180.74,3431.13,62402045158,,
5/5/2021,3522.78,3541.46,3213.1,3240.55,48334198383,,
5/6/2021,3490.88,3598.9,3386.24,3524.93,44300394788,,
5/7/2021,3484.73,3573.29,3370.26,3490.11,39607240515,,
5/8/2021,3902.65,3950.17,3453.77,3481.99,50208491286,,
5/9/2021,3928.84,3981.26,3743.99,3911.46,50568290278,,
5/10/2021,3952.29,4197.47,3684.45,3924.41,62691789007,,
5/11/2021,4168.7,4178.21,3783.89,3948.27,52679737865,,
5/12/2021,3785.85,4362.35,3785.85,4174.64,69023382175,,
5/13/2021,3715.15,4032.56,3549.41,3828.92,78398214539,,
5/14/2021,4079.06,4171.02,3703.4,3720.12,48174271215,,
5/15/2021,3638.12,4129.19,3638.12,4075.95,42422321751,,
5/16/2021,3587.51,3878.9,3350.95,3641.83,47359478734,,
5/17/2021,3282.4,3587.77,3129.01,3581.34,54061732774,,
5/18/2021,3380.07,3562.47,3246.4,3276.87,40416525218,,
5/19/2021,2460.68,3437.94,1952.46,3382.66,84482912776,,
5/20/2021,2784.29,2993.15,2170.23,2439.64,67610826680,,
5/21/2021,2430.62,2938.21,2113.35,2772.34,53774070802,,
5/22/2021,2295.71,2483.98,2168.12,2436.01,42089937660,,
5/23/2021,2109.58,2384.41,1737.47,2298.37,56005721977,,
5/24/2021,2643.59,2672.6,2090.64,2099.94,53697121740,,
5/25/2021,2706.63,2750.53,2394.36,2649.03,49558333256,,
5/26/2021,2888.7,2911.74,2652.09,2707.05,42499766020,,
5/27/2021,2736.49,2888.75,2642.61,2888.75,33373635283,,
5/28/2021,2419.91,2761.36,2336.36,2742.47,39999114805,,
5/29/2021,2279.51,2566.94,2208.49,2414.07,33773720220,,
5/30/2021,2390.31,2472.19,2188.83,2278.29,25876619428,,
5/31/2021,2714.95,2715.85,2279.51,2387.2,31007383150,,
6/1/2021,2633.52,2739.74,2531.16,2707.56,27363223090,,
6/2/2021,2706.12,2801.39,2555.4,2634.46,27723267359,,
6/3/2021,2855.13,2891.25,2667.68,2708.38,30038207402,,
6/4/2021,2688.2,2857.17,2562.64,2857.17,34173841611,,
6/5/2021,2630.58,2817.48,2558.23,2691.62,30496672724,,
6/6/2021,2715.09,2743.44,2616.16,2629.75,25311639414,,
6/7/2021,2590.26,2845.19,2584,2713.05,30600111277,,
6/8/2021,2517.44,2620.85,2315.55,2594.6,41909736778,,
6/9/2021,2608.27,2625.07,2412.2,2510.2,36075832186,,
6/10/2021,2471.52,2619.96,2435.4,2611.14,28753626390,,
6/11/2021,2353.77,2495.41,2326.87,2472.86,24832564195,,
6/12/2021,2372.48,2447.23,2265.76,2354.75,25724364410,,
6/13/2021,2508.39,2547.37,2312.64,2372.69,27092945370,,
6/14/2021,2537.89,2606.43,2469.39,2508.77,26964576331,,
6/15/2021,2610.94,2639.23,2515.15,2587.76,29005279219,,
6/16/2021,2367.66,2554.63,2354.35,2544.86,24101926180,,
6/17/2021,2372,2457.18,2312.3,2367.31,21871633186,,
6/18/2021,2231.73,2377.2,2147.31,2374.59,22752818388,,
6/19/2021,2178.5,2278.42,2168.89,2235.16,18765854896,,
6/20/2021,2246.36,2275.38,2049.96,2171.34,22535930423,,
6/21/2021,1888.45,2259.46,1867.19,2245.32,33745173825,,
6/22/2021,1874.95,1993.16,1707.6,1886.67,35547251725,,
6/23/2021,1989.74,2043.53,1827.57,1878.62,28408659206,,
6/24/2021,1988.46,2032.34,1887.43,1968.96,20272845769,,
6/25/2021,1813.22,2017.76,1794.4,1989.22,22774334998,,
6/26/2021,1829.24,1850.18,1719.56,1810.88,20637542361,,
6/27/2021,1978.89,1979.96,1811.25,1831,19885474742,,
6/28/2021,2079.66,2139.81,1963.62,1981.39,25514602841,,
6/29/2021,2160.77,2242.24,2076.24,2083.45,24815124419,,
6/30/2021,2274.55,2282.99,2090.76,2164.22,25828056268,,
7/1/2021,2113.61,2274.4,2081.08,2274.4,29061701793,,
7/2/2021,2150.04,2155.6,2021.82,2109.89,31796212554,,
7/3/2021,2226.11,2237.57,2117.59,2150.83,17433361641,,
7/4/2021,2321.72,2384.29,2190.84,2226.55,18787107473,,
7/5/2021,2198.58,2321.92,2163.04,2321.92,20103794829,,
7/6/2021,2324.68,2346.29,2197.92,2197.92,20891861314,,
7/7/2021,2315.16,2403.77,2298.03,2323.21,22398345285,,
7/8/2021,2120.03,2324.01,2089.41,2317.95,23188123689,,
7/9/2021,2146.69,2185.38,2051.07,2115.57,23029574602,,
7/10/2021,2111.4,2190.12,2081.92,2147,17581542471,,
7/11/2021,2139.66,2172.65,2083.8,2110.88,14705386138,,
7/12/2021,2036.72,2167.71,2011.02,2140.51,17768129077,,
7/13/2021,1940.08,2040.69,1922.58,2034.1,16621628658,,
7/14/2021,1994.33,2015.11,1869.22,1941.17,17342819679,,
7/15/2021,1911.18,2037.74,1883.27,1994.71,15688092552,,
7/16/2021,1880.38,1959.7,1853.59,1916.6,14884569147,,
7/17/2021,1898.83,1917.6,1855.59,1876.88,13364282076,,
7/18/2021,1895.55,1988.34,1883.01,1900.19,13791868728,,
7/19/2021,1817.3,1916.12,1807.91,1893.05,14157735481,,
7/20/2021,1787.51,1837,1722.05,1819.08,17368597636,,
7/21/2021,1990.97,2025.68,1759.02,1786.28,21253359756,,
7/22/2021,2025.2,2044.12,1954.3,1994.82,17495480331,,
7/23/2021,2124.78,2129.44,2000.44,2025.11,16200392492,,
7/24/2021,2189.22,2197.65,2107.32,2123.96,16057446601,,
7/25/2021,2191.37,2194.44,2108.83,2187.15,14566483636,,
7/26/2021,2233.37,2428.82,2177.33,2191.31,29614324233,,
7/27/2021,2298.33,2316.95,2154.73,2230.2,23067480378,,
7/28/2021,2296.55,2341.78,2250.91,2302.08,18991302378,,
7/29/2021,2380.96,2396.45,2273.4,2299.01,16313373113,,
7/30/2021,2466.96,2469.7,2322.34,2382.55,20212848934,,
7/31/2021,2536.21,2551.16,2423.82,2461.58,18001710283,,
8/1/2021,2561.85,2695.43,2520.93,2530.46,22697987055,,
8/2/2021,2610.15,2665.73,2511.38,2557.77,22162754104,,
8/3/2021,2502.35,2630.31,2449.35,2609.41,22696753413,,
8/4/2021,2724.62,2764.44,2463.47,2508.54,25038698173,,
8/5/2021,2827.33,2840.43,2540.68,2725.67,31057928075,,
8/6/2021,2890.94,2944.9,2727.79,2827.5,26528577879,,
8/7/2021,3157.24,3170.23,2868.54,2891.71,33081467129,,
8/8/2021,3013.73,3184.6,2951.75,3161.23,28433638008,,
8/9/2021,3167.86,3185.7,2900.93,3012.89,31983260936,,
8/10/2021,3141.69,3228.94,3059.23,3163.05,27605221710,,
8/11/2021,3164.25,3269.21,3122.92,3142.83,26729035052,,
8/12/2021,3043.41,3236.31,2984.17,3164.18,25403699845,,
8/13/2021,3322.21,3324.67,3037.68,3049,23868866254,,
8/14/2021,3265.44,3329.28,3214.52,3322.76,19860862133,,
8/15/2021,3310.5,3320.08,3117.79,3266.28,22166205051,,
8/16/2021,3156.51,3333.99,3139.78,3309.42,23080039949,,
8/17/2021,3014.85,3288.81,2996.47,3149.38,25509056745,,
8/18/2021,3020.09,3124.98,2959.03,3011.96,21539248425,,
8/19/2021,3182.7,3184.44,2963.15,3019.13,19546290360,,
8/20/2021,3286.94,3298.25,3178.1,3182.16,20885619828,,
8/21/2021,3226.08,3307.35,3209.87,3286.93,18113977628,,
8/22/2021,3242.12,3272.73,3142.01,3226.23,15983278460,,
8/23/2021,3319.26,3373.38,3235.85,3241.36,20511110509,,
8/24/2021,3172.46,3358.69,3154.12,3324.86,20131028906,,
8/25/2021,3224.92,3248.73,3086.11,3174.27,18902728235,,
8/26/2021,3100.33,3249.66,3060.23,3228.75,17405668117,,
8/27/2021,3270.6,3281.84,3064.49,3096.41,18489602004,,
8/28/2021,3244.4,3284.85,3217.4,3275.1,13709633698,,
8/29/2021,3227,3283.24,3158.84,3246.77,13296586731,,
8/30/2021,3224.37,3346.58,3151.44,3227.19,19306924485,,
8/31/2021,3433.73,3466.99,3195.22,3227.76,27280502987,,
9/1/2021,3834.83,3836.87,3387.41,3430.76,30070890104,,
9/2/2021,3790.99,3830.71,3726.75,3825.03,24387397330,,
9/3/2021,3940.61,4022.47,3712.68,3787.49,26207765094,,
9/4/2021,3887.83,3969.45,3837.93,3937.91,20806963328,,
9/5/2021,3952.13,3979.19,3838.49,3886.33,18371468576,,
9/6/2021,3928.38,3968.43,3868.99,3951.52,18674691198,,
9/7/2021,3426.39,3945.31,3062.22,3926.53,39131346397,,
9/8/2021,3497.32,3559.12,3224.76,3428.38,31738430771,,
9/9/2021,3427.34,3562.99,3400.52,3452.55,24118055831,,
9/10/2021,3211.51,3512.57,3157.06,3425.56,22355974097,,
9/11/2021,3270.28,3346.53,3208.96,3209.03,18627122934,,
9/12/2021,3410.13,3462.47,3235.11,3270.29,16810411424,,
9/13/2021,3285.51,3426.5,3121.51,3407.47,22721552948,,
9/14/2021,3429.17,3429.17,3273.63,3286.32,19125420848,,
9/15/2021,3615.28,3615.28,3365.91,3431.22,17548551804,,
9/16/2021,3571.29,3673.31,3489.81,3613.07,20093903064,,
9/17/2021,3398.54,3589.31,3356.45,3569.57,17722363229,,
9/18/2021,3432.02,3540.81,3371.89,3397.42,15995220233,,
9/19/2021,3329.45,3448.32,3286.17,3433.29,14257609743,,
9/20/2021,2958.99,3343.33,2940.84,3329.67,27371684581,,
9/21/2021,2764.43,3101.7,2676.41,2977.31,30405062665,,
9/22/2021,3077.87,3089.08,2741.44,2763.21,23742102645,,
9/23/2021,3155.52,3173.54,3038.1,3077.97,18516291047,,
9/24/2021,2931.67,3159.64,2747.34,3154.56,25595422789,,
9/25/2021,2925.57,2968.99,2818.97,2930.88,18932786754,,
9/26/2021,3062.27,3114.86,2744.58,2926.34,21172766310,,
9/27/2021,2934.14,3163.67,2932.69,3065.84,19164053681,,
9/28/2021,2807.3,2970.77,2793.36,2928.96,16895079070,,
9/29/2021,2853.14,2946.88,2786.99,2809.3,15763456158,,
9/30/2021,3001.68,3046.52,2840.29,2852.56,17661065099,,
10/1/2021,3307.52,3329.85,2978.65,3001.13,22307625573,,
10/2/2021,3391.69,3464.84,3260.03,3308.87,19202671704,,
10/3/2021,3418.36,3484.61,3348.12,3390.77,15516566862,,
10/4/2021,3380.09,3434.78,3283.45,3418.78,17747154101,,
10/5/2021,3518.52,3541.45,3365.82,3381.78,16632591670,,
10/6/2021,3580.56,3622.55,3354.47,3516.57,21855226591,,
10/7/2021,3587.97,3650.01,3479.91,3576.81,19090322927,,
10/8/2021,3563.76,3667.96,3547.83,3587.83,16222029488,,
10/9/2021,3575.72,3628.24,3544.64,3560,12707036942,,
10/10/2021,3425.85,3603.24,3414.97,3575.02,16171746693,,
10/11/2021,3545.35,3622.29,3385.76,3419.73,18579189588,,
10/12/2021,3492.57,3546.48,3407.34,3546.48,18109578443,,
10/13/2021,3606.2,3607.74,3417.6,3492.75,16211275589,,
10/14/2021,3786.01,3819.26,3590.28,3604.96,19443499909,,
10/15/2021,3862.63,3895.47,3735.36,3790.15,20966841512,,
10/16/2021,3830.38,3962.45,3805.89,3865.67,16578095629,,
10/17/2021,3847.1,3914.9,3660.72,3829.86,15908090346,,
10/18/2021,3748.76,3888.21,3686.75,3847.73,17386204158,,
10/19/2021,3877.65,3883.93,3736.78,3747.16,15998757133,,
10/20/2021,4155.99,4167.47,3833.29,3877.73,20338319988,,
10/21/2021,4054.32,4366.09,4032.48,4161.71,28220661820,,
10/22/2021,3970.18,4162.98,3908.34,4055.69,19432937968,,
10/23/2021,4171.66,4171.66,3944.63,3971.36,14781537792,,
10/24/2021,4087.9,4185.73,3967.12,4171.86,14978083638,,
10/25/2021,4217.88,4236.67,4072.03,4084.43,15995727040,,
10/26/2021,4131.1,4289.13,4106.82,4217.34,17157714562,,
10/27/2021,3930.26,4299.15,3930.26,4132.17,26219530404,,
10/28/2021,4287.32,4293.15,3905.71,3924.82,25958154575,,
10/29/2021,4414.75,4455.74,4271.71,4288.69,22967641914,,
10/30/2021,4325.65,4426.85,4252.49,4414.24,14615490626,,
10/31/2021,4288.07,4394.45,4179.02,4322.74,17498160238,,
11/1/2021,4324.63,4377.32,4160.97,4288.22,17985288261,,
11/2/2021,4584.8,4599.95,4288.69,4322.5,20794448222,,
11/3/2021,4607.19,4664.91,4462.98,4589.68,21220463155,,
11/4/2021,4537.32,4606.52,4426.62,4604.68,18415244464,,
11/5/2021,4486.24,4570.9,4447.49,4537.42,15086003586,,
11/6/2021,4521.58,4531,4334.97,4482.65,14429076700,,
11/7/2021,4620.55,4640.92,4510.98,4523.98,13541376033,,
11/8/2021,4812.09,4822.36,4619.65,4619.65,19290896267,,
11/9/2021,4735.07,4837.59,4718.04,4810.07,20834172627,,
11/10/2021,4636.17,4859.5,4485.09,4733.36,22748160545,,
11/11/2021,4730.38,4778.06,4580.99,4635.45,17933201129,,
11/12/2021,4667.12,4808.74,4510.92,4724.31,18316060208,,
11/13/2021,4651.46,4702.12,4582.18,4666.72,14457436261,,
11/14/2021,4626.36,4689.84,4516.94,4648.63,12172962219,,
11/15/2021,4557.5,4764.64,4546.6,4627.09,16275851299,,
11/16/2021,4216.37,4891.7,4144.33,4570.48,27417502801,,
11/17/2021,4287.59,4300.31,4107.13,4213.91,22183461850,,
11/18/2021,4000.65,4343.56,3959.23,4287.8,21383250893,,
11/19/2021,4298.31,4311.71,3982.92,3995.73,20626269711,,
11/20/2021,4409.93,4434.39,4209.24,4298.35,15448261277,,
11/21/2021,4269.73,4422.49,4255.46,4412.2,14094831413,,
11/22/2021,4088.46,4302.02,4033.57,4266.51,19752218877,,
11/23/2021,4340.76,4385.48,4069.77,4089.68,22133497059,,
11/24/2021,4239.98,4376.88,4176.18,4340.04,21838037128,,
11/25/2021,4274.74,4550.52,4249.77,4271.39,18705358318,,
11/26/2021,4030.91,4550.84,3933.51,4522.21,26281795488,,
11/27/2021,4096.91,4187.68,4033.51,4043,16515693874,,
11/28/2021,4294.45,4297.92,3989.97,4101.65,15953126340,,
11/29/2021,4445.1,4460.85,4284.5,4296.95,19086475837,,
11/30/2021,4631.48,4753.27,4358.07,4447.77,28626354111,,
12/1/2021,4586.99,4780.73,4530.27,4623.68,27634826695,,
12/2/2021,4511.3,4628.92,4441.51,4586.33,21502671027,,
12/3/2021,4220.71,4647.29,4100.15,4514.36,25879591528,,
12/4/2021,4119.59,4242.73,3525.49,4227.76,38478999182,,
12/5/2021,4198.32,4246.92,4040.22,4119.63,25533062707,,
12/6/2021,4358.74,4375.52,3930.81,4199,28229518513,,
12/7/2021,4315.06,4428.59,4264.32,4358.59,22366213354,,
12/8/2021,4439.36,4453.11,4234.54,4311.67,18704315119,,
12/9/2021,4119.82,4482.31,4078.84,4433.02,22296131874,,
12/10/2021,3908.5,4227.11,3897.77,4113.59,28014595631,,
12/11/2021,4084.45,4095.65,3846.05,3909.67,19131502454,,
12/12/2021,4134.45,4173.61,3993.06,4084.81,14057603914,,
12/13/2021,3784.23,4145.96,3680.61,4136.36,23999841386,,
12/14/2021,3745.44,3866.63,3700.1,3782.82,23836759957,,
12/15/2021,4018.39,4086.37,3664.72,3862.25,26411188833,,
12/16/2021,3962.47,4110.37,3956.06,4020.42,19825531254,,
12/17/2021,3879.49,3992.79,3711.42,3959.01,23143541098,,
12/18/2021,3960.86,3993.83,3774.61,3880.29,19530895889,,
12/19/2021,3922.59,4018.66,3894.4,3960.87,16167785597,,
12/20/2021,3933.84,3980.1,3759.4,3923.7,21589690675,,
12/21/2021,4020.26,4058.82,3918.84,3938.46,16388555198,,
12/22/2021,3982.1,4073.79,3947.69,4018.7,13921756199,,
12/23/2021,4108.02,4149.03,3897.23,3981.96,18007273742,,
12/24/2021,4047.98,4134.11,4029.06,4111.35,12769090623,,
12/25/2021,4093.28,4138.56,4027.93,4049.78,10894785525,,
12/26/2021,4067.33,4105.02,4013.03,4094.15,11197244172,,
12/27/2021,4037.55,4126,4033.49,4064.75,11424360002,,
12/28/2021,3800.89,4037.54,3769.28,4037.54,17299472803,,
12/29/2021,3628.53,3827.98,3612.8,3797.44,15722555672,,
12/30/2021,3713.85,3767.56,3595.2,3632.22,12925377999,,
12/31/2021,3682.63,3807.29,3636.87,3713.43,14157285268,,
1/1/2022,3769.7,3769.92,3682.29,3683.05,9776191466,,
1/2/2022,3829.56,3836.16,3727.36,3769.3,9881471548,,
1/3/2022,3761.38,3836.2,3698.05,3829.54,12080777893,,
1/4/2022,3794.06,3876.79,3723.35,3761.36,14030925983,,
1/5/2022,3550.39,3842.06,3456.75,3794.27,18061338502,,
1/6/2022,3418.41,3549.71,3335.38,3549.71,24293791313,,
1/7/2022,3193.21,3420.46,3117.38,3417.84,24494179209,,
1/8/2022,3091.97,3240.3,3020.88,3193.5,16037732700,,
1/9/2022,3157.75,3206.79,3075.91,3091.7,12334683863,,
1/10/2022,3083.1,3177.21,2947.68,3157.57,19535744145,,
1/11/2022,3238.11,3247.51,3061.14,3082.99,15211447193,,
1/12/2022,3372.26,3401.22,3216.72,3238.45,16662871689,,
1/13/2022,3248.29,3396.97,3247.92,3372.1,15294466275,,
1/14/2022,3310,3330.77,3203.82,3248.65,13562957230,,
1/15/2022,3330.53,3364.54,3278.67,3309.84,9619999078,,
1/16/2022,3350.92,3376.4,3291.56,3330.39,9505934874,,
1/17/2022,3212.3,3355.82,3157.22,3350.95,12344309617,,
1/18/2022,3164.03,3236.02,3096.12,3212.29,13024154091,,
1/19/2022,3095.83,3171.16,3055.21,3163.85,13187424144,,
1/20/2022,3001.12,3265.34,3000.91,3095.27,10645922764,,
1/21/2022,2557.93,3029.08,2496.81,3002.96,26796291874,,
1/22/2022,2405.18,2615.25,2330.25,2561.15,27369692036,,
1/23/2022,2535.04,2542.14,2381.52,2406.92,16481489511,,
1/24/2022,2440.35,2537.21,2172.3,2535.89,28220804648,,
1/25/2022,2455.94,2498.51,2359.38,2440.39,16179776932,,
1/26/2022,2468.03,2705.78,2417.68,2455.58,21229909340,,
1/27/2022,2423,2510.45,2328.45,2467.19,16126522783,,
1/28/2022,2547.09,2548.78,2367.83,2421.65,14666227351,,
1/29/2022,2597.08,2627.61,2526.99,2546.59,11172062661,,
1/30/2022,2603.47,2631.41,2550.46,2598.56,9501221177,,
1/31/2022,2688.28,2697.74,2489.07,2603.26,13778234614,,
2/1/2022,2792.12,2802.32,2682.62,2687.9,13194846235,,
2/2/2022,2682.85,2802.21,2630.12,2791.96,13876301217,,
2/3/2022,2679.16,2712.48,2587.78,2682.23,12755505065,,
2/4/2022,2983.59,2983.59,2675.44,2681.06,18987223729,,
2/5/2022,3014.65,3054.13,2966.78,2984.45,13102093957,,
2/6/2022,3057.48,3061.26,2965.43,3014.96,9466018022,,
2/7/2022,3142.47,3182.53,3002.93,3057.42,15197063785,,
2/8/2022,3122.61,3219.47,3038.38,3143.01,17136080906,,
2/9/2022,3239.46,3263.16,3063.16,3121.18,13951308490,,
2/10/2022,3077.48,3271.32,3070.38,3240.11,18629485080,,
2/11/2022,2927.38,3127.45,2888.71,3077.41,16043881065,,
2/12/2022,2917.36,2980.08,2870.18,2927.39,11254355757,,
2/13/2022,2883.46,2947.78,2845.4,2916.79,9054963563,,
2/14/2022,2933.48,2957.96,2840.26,2880.19,12164552172,,
2/15/2022,3179.88,3185.52,2917.86,2933.73,13921257873,,
2/16/2022,3127.83,3181.62,3055.17,3180.45,12352406833,,
2/17/2022,2881.48,3154.62,2861.85,3126.86,15860206214,,
2/18/2022,2785.73,2937.31,2761.64,2884.34,15748173433,,
2/19/2022,2763.7,2826.35,2707.38,2784.87,9774183169,,
2/20/2022,2628.65,2763.76,2585.95,2763.76,11641437834,,
2/21/2022,2573.82,2752.46,2568.25,2627.67,18646392740,,
2/22/2022,2639.3,2648.92,2510.68,2572.9,16360200507,,
2/23/2022,2590.36,2741.37,2587.41,2639.45,13382637240,,
2/24/2022,2598.07,2689.05,2308.91,2588.17,29312342666,,
2/25/2022,2764.54,2821.97,2579.21,2598.44,17208902048,,
2/26/2022,2781.11,2849.42,2745.01,2764.99,11724648351,,
2/27/2022,2621.8,2831.13,2581.62,2780.5,16150857254,,
2/28/2022,2919.2,2929.18,2586.39,2621.17,19266124733,,
3/1/2022,2972.49,3029.65,2868.94,2919.78,18757425786,,
3/2/2022,2950.12,3026.87,2919.94,2972.47,16636517503,,
3/3/2022,2834.47,2964.67,2797.32,2950.16,13091199728,,
3/4/2022,2617.16,2835.18,2587.75,2834.99,14496939024,,
3/5/2022,2664.83,2679.1,2596.99,2618.47,8072368396,,
3/6/2022,2555.04,2673.64,2555.04,2664.94,8872976607,,
3/7/2022,2497.77,2639.94,2455.59,2555.3,14594098731,,
3/8/2022,2576.75,2618.17,2489.76,2497.72,13922922903,,
3/9/2022,2729.78,2761.8,2573.66,2577.17,14173665398,,
3/10/2022,2608.05,2729.12,2566.19,2729.12,13292477213,,
3/11/2022,2559.56,2664.56,2534.69,2608.27,12382419582,,
3/12/2022,2574.75,2606.44,2559.13,2559.66,6532996574,,
3/13/2022,2518.94,2594.55,2503.89,2573.49,8632000379,,
3/14/2022,2590.7,2604.03,2505.3,2518.49,11244398839,,
3/15/2022,2620.15,2662.33,2515.77,2590.67,12861105614,,
3/16/2022,2772.06,2781.31,2610.76,2620.03,17915109769,,
3/17/2022,2814.85,2826.16,2751.56,2771.96,12685265194,,
3/18/2022,2945.34,2973.62,2774.86,2814.43,15830879093,,
3/19/2022,2946.26,2979.99,2910.8,2944.72,11576463120,,
3/20/2022,2860.46,2956.97,2826.11,2946.55,12684727326,,
3/21/2022,2897.98,2954.56,2838.25,2860.1,15206116098,,
3/22/2022,2973.13,3040.38,2892.54,2897.77,16830539230,,
3/23/2022,3031.07,3036.75,2933.31,2973.15,16008767658,,
3/24/2022,3108.06,3118.39,3012.33,3031.06,18070503166,,
3/25/2022,3106.67,3183.96,3087.49,3108.45,17030503831,,
3/26/2022,3143.18,3146.83,3091.83,3106.41,8876420740,,
3/27/2022,3291.58,3291.58,3130,3143.8,13431866834,,
3/28/2022,3336.63,3424.02,3279.03,3292.32,20620450770,,
3/29/2022,3401.99,3470.19,3335.02,3335.02,19533323636,,
3/30/2022,3385.16,3435.29,3349.24,3401.53,15302506131,,
3/31/2022,3281.64,3435.13,3272.93,3385.29,17685495686,,
4/1/2022,3449.55,3467.56,3223.89,3282.58,20982988937,,
4/2/2022,3445.06,3521.28,3442,3449.79,23571556215,,
4/3/2022,3522.83,3573.96,3421.26,3444.81,15333808649,,
4/4/2022,3521.24,3535.15,3422,3522.36,18209969743,,
4/5/2022,3411.79,3546.71,3410.55,3521.24,16681503199,,
4/6/2022,3171.69,3411.67,3171.21,3411.67,25632563639,,
4/7/2022,3233.27,3263.47,3155.58,3172.2,16745496605,,
4/8/2022,3192.07,3301.61,3179.14,3233.27,17557050669,,
4/9/2022,3261.92,3261.96,3187.47,3191.98,9908112156,,
4/10/2022,3211.87,3303,3211.87,3261.29,10427054790,,
4/11/2022,2981.05,3214.46,2962.76,3209.58,21891804831,,
4/12/2022,3030.38,3077.45,2957.87,2981.42,20235707410,,
4/13/2022,3118.34,3123.58,3006.48,3029.88,16088473629,,
4/14/2022,3019.91,3139.93,2988.44,3117.82,15821419931,,
4/15/2022,3040.92,3044.29,3001.12,3020.13,11256651536,,
4/16/2022,3062.31,3074.89,3016.42,3041.12,8766710365,,
4/17/2022,2993.4,3075.78,2989.04,3061.88,10463091281,,
4/18/2022,3057.61,3062.52,2893.91,2993.48,18629381299,,
4/19/2022,3104.11,3125.08,3035.54,3057.57,14156035096,,
4/20/2022,3077.75,3157.89,3045.29,3103.94,15547362265,,
4/21/2022,2987.48,3173.45,2962.41,3077.83,20783591093,,
4/22/2022,2964.84,3024.85,2942.36,2986.94,16782795477,,
4/23/2022,2938.11,2975.32,2926.74,2964.8,9116955609,,
4/24/2022,2922.73,2961.88,2922.13,2937.35,9696829579,,
4/25/2022,3009.39,3018.42,2804.51,2922.99,22332690614,,
4/26/2022,2808.3,3026.42,2786.25,3008.95,19052045399,,
4/27/2022,2888.93,2911.88,2802.27,2808.65,17419284041,,
4/28/2022,2936.94,2973.14,2861.82,2888.85,18443524633,,
4/29/2022,2815.6,2943.45,2782.44,2936.78,18771041399,,
4/30/2022,2730.19,2836.83,2727.41,2815.53,13520941867,,
5/1/2022,2827.76,2838.7,2728.08,2729.99,15332730152,,
5/2/2022,2857.41,2874.15,2785.52,2827.61,18609741545,,
5/3/2022,2783.48,2859.19,2762.12,2857.15,13026093219,,
5/4/2022,2940.64,2956.69,2779.27,2783.13,18186749944,,
5/5/2022,2749.21,2948.96,2704.92,2940.23,22642925048,,
5/6/2022,2694.98,2754.84,2645.34,2748.93,21027599270,,
5/7/2022,2636.09,2696.65,2599.52,2694.99,13369276367,,
5/8/2022,2517.46,2638.83,2498.43,2636.12,20802269935,,
5/9/2022,2245.43,2528.26,2238.06,2518.51,36333567678,,
5/10/2022,2343.51,2450.76,2206.76,2242.65,38202099639,,
5/11/2022,2072.11,2441.08,2018.86,2342.75,45743399154,,
5/12/2022,1961.7,2170.46,1748.3,2072.5,42463486402,,
5/13/2022,2014.42,2139.71,1941.98,1960.12,24816096567,,
5/14/2022,2056.27,2063.43,1956.57,2014.28,15457044616,,
5/15/2022,2145.71,2147.19,2008.16,2056.18,14846088335,,
5/16/2022,2022.73,2145.84,1988.81,2145.84,21459552191,,
5/17/2022,2090.41,2113.06,2015.97,2022.88,18509929297,,
5/18/2022,1916.66,2102.33,1916.66,2090.46,17740965589,,
5/19/2022,2018.34,2028.39,1907.02,1916.15,18734247914,,
5/20/2022,1961.32,2054.8,1926.68,2018,15892482289,,
5/21/2022,1974.52,1985.4,1944.27,1961.02,8546822406,,
5/22/2022,2043.17,2047.19,1966.04,1974.67,10941123403,,
5/23/2022,1972.18,2080.33,1964.39,2042.34,16434529708,,
5/24/2022,1978.98,1991.54,1920.69,1972.39,13057109007,,
5/25/2022,1944.83,2014.37,1943.94,1978.68,13364545730,,
5/26/2022,1803.91,1962.17,1759.2,1945.03,23458681818,,
5/27/2022,1724.92,1814.66,1721.26,1802.54,25470760032,,
5/28/2022,1757.94,1757.94,1724.64,1724.64,23214777872,,
5/29/2022,1812.03,1818.78,1765.94,1792.18,10642556101,,
5/30/2022,1996.44,2005.21,1804.46,1811.89,19580808705,,
5/31/2022,1942.33,2005.49,1932.35,1996.41,18363115560,,
6/1/2022,1823.57,1965.17,1776.05,1942.05,21037797760,,
6/2/2022,1834.15,1845.31,1789.66,1822.41,17065041354,,
6/3/2022,1775.08,1840.06,1746.51,1834.14,14878001811,,
6/4/2022,1801.61,1810.3,1751.53,1775.22,8677951273,,
6/5/2022,1805.2,1825.86,1777.13,1801.82,8850385937,,
6/6/2022,1859.29,1915.03,1804.99,1805.64,16518471852,,
6/7/2022,1814.05,1862.91,1729.41,1859.33,24020076750,,
6/8/2022,1793.57,1830.68,1770.23,1814.1,18041476023,,
6/9/2022,1789.83,1827.29,1779.87,1793.51,12013083393,,
6/10/2022,1665.04,1797.61,1663.43,1789.69,18504740451,,
6/11/2022,1529.66,1679.31,1507.04,1665.22,21127089064,,
6/12/2022,1445.22,1539.71,1436.18,1530.19,23465074882,,
6/13/2022,1204.58,1448.74,1181.95,1443.84,45162788786,,
6/14/2022,1211.66,1252.47,1094.7,1204.56,33327826525,,
6/15/2022,1233.21,1236.63,1025.68,1211.37,37539999450,,
6/16/2022,1067.73,1246.14,1058.78,1233.6,18907671369,,
6/17/2022,1086.52,1112.47,1060.87,1067.99,14591486540,,
6/18/2022,993.64,1095.17,896.11,1086.38,21655406608,,
6/19/2022,1127.66,1142.34,943.12,993.4,21795481981,,
6/20/2022,1127.64,1159.99,1066.11,1127.66,19739691429,,
6/21/2022,1124.82,1185.43,1112.57,1127.51,15632089439,,
6/22/2022,1051.42,1126.26,1049.76,1125.37,15010593493,,
6/23/2022,1143.39,1146.49,1050.22,1051.33,14657862919,,
6/24/2022,1226.84,1238.62,1134.51,1143.2,16981552654,,
6/25/2022,1243.45,1246.39,1184.56,1226.72,12481946184,,
6/26/2022,1199.83,1272.13,1199.41,1242.99,12096607824,,
6/27/2022,1193.68,1234.18,1179.79,1199.71,12492225250,,
6/28/2022,1144.58,1229.74,1141.16,1193.25,14023205651,,
6/29/2022,1098.94,1152.68,1092.1,1144.52,15386286815,,
6/30/2022,1067.3,1103.69,1009.09,1099.35,16350755497,,
7/1/2022,1059.77,1100.22,1040.15,1068.32,17499453625,,
7/2/2022,1066.51,1073.05,1033.96,1060.12,9935603640,,
7/3/2022,1073.77,1083.42,1044.01,1066.47,8557248150,,
7/4/2022,1151.06,1152.94,1048.4,1073.79,13670889311,,
7/5/2022,1134.54,1165.68,1086.83,1150.51,16195518291,,
7/6/2022,1186.97,1193.64,1116.25,1134.82,15373536703,,
7/7/2022,1237.59,1246.89,1165.62,1186.96,14230795894,,
7/8/2022,1222.51,1262.89,1200.63,1237.58,16315929082,,
7/9/2022,1216.98,1228.77,1209.38,1222.31,8821353104,,
7/10/2022,1168.4,1216.9,1157.18,1216.9,10984558039,,
7/11/2022,1097.24,1169.19,1095,1168.14,12064180410,,
7/12/2022,1038.19,1097.26,1038.14,1097.26,12583282453,,
7/13/2022,1113.59,1113.59,1019.22,1038.19,18302588147,,
7/14/2022,1191.53,1202.95,1077.41,1113.52,16688640823,,
7/15/2022,1233.13,1275.78,1182.9,1191.67,17411448225,,
7/16/2022,1352.63,1377.94,1195.61,1232.79,18364013796,,
7/17/2022,1338.64,1378.42,1329.76,1353.21,16079711737,,
7/18/2022,1578.72,1578.72,1338.81,1338.81,27440420623,,
7/19/2022,1542.98,1607.03,1501.8,1578.38,27753529276,,
7/20/2022,1520.2,1612.65,1500.8,1542.95,22942708340,,
7/21/2022,1576.75,1595.76,1472.19,1520.37,20009556587,,
7/22/2022,1537.41,1641.21,1523.64,1576.75,18926100582,,
7/23/2022,1549.3,1591.63,1495.68,1536.46,14998811383,,
7/24/2022,1599.48,1654.43,1548.67,1549.22,17217849557,,
7/25/2022,1445.38,1605.34,1445.38,1599.16,20585056021,,
7/26/2022,1441.81,1445.15,1362.95,1445.15,18238563509,,
7/27/2022,1636.23,1636.8,1423.62,1443.73,23007524016,,
7/28/2022,1725.47,1774.58,1604.89,1636.23,27231399966,,
7/29/2022,1727.41,1759.88,1662.79,1725.62,23249531113,,
7/30/2022,1695.97,1738.02,1678.11,1727.06,15576977870,,
7/31/2022,1681.52,1745.88,1672.61,1695.88,14200735370,,
8/1/2022,1635.2,1700.17,1613.42,1681.45,16191371176,,
8/2/2022,1632.95,1672.63,1567.85,1634.65,20426082309,,
8/3/2022,1618.87,1678.1,1595.63,1633.05,16786218830,,
8/4/2022,1608.21,1658.51,1585.33,1618.89,14467440626,,
8/5/2022,1732.25,1732.25,1606.5,1607.52,18546491876,,
8/6/2022,1691.66,1744.33,1691.66,1732.66,11757911705,,
8/7/2022,1699.35,1724.79,1672.91,1691.78,10252090340,,
8/8/2022,1775.52,1806.89,1697.41,1699.69,16841424404,,
8/9/2022,1703.03,1786.12,1675.85,1776.07,16368619692,,
8/10/2022,1851.74,1869.4,1665.09,1702.91,23512477984,,
8/11/2022,1881.22,1927.94,1851.83,1851.83,23826986482,,
8/12/2022,1957.25,1957.55,1860.08,1880.9,17168141904,,
8/13/2022,1981.34,2013.76,1948.6,1957.33,16038975216,,
8/14/2022,1936.8,2022.79,1919.01,1981.78,14062754456,,
8/15/2022,1904.23,2007.21,1881.86,1936.76,20349931313,,
8/16/2022,1878.14,1910.75,1862.27,1902.83,15637578930,,
8/17/2022,1833,1951.68,1823.53,1877.93,20308508124,,
8/18/2022,1847.01,1876.38,1826.96,1833.72,14999352229,,
8/19/2022,1612.99,1847.1,1611.34,1847.1,25906358731,,
8/20/2022,1577,1652.22,1534.3,1612.65,18334580263,,
8/21/2022,1619.32,1640.94,1569.05,1576.54,15849221752,,
8/22/2022,1622.51,1622.78,1535.01,1619.17,18557078599,,
8/23/2022,1662.77,1666.68,1569.43,1622.94,18322041914,,
8/24/2022,1657.06,1686.56,1610.1,1662.7,16780932907,,
8/25/2022,1696.46,1718.18,1656.86,1657.34,14818795695,,
8/26/2022,1507.78,1698.56,1498.77,1696.32,26713710143,,
8/27/2022,1491.4,1517.15,1454.28,1508.16,18120831899,,
8/28/2022,1430.55,1505.79,1430.55,1491.21,12823572918,,
8/29/2022,1553.04,1556.31,1427.73,1430.44,17965837488,,
8/30/2022,1523.84,1600.46,1480.83,1553.19,21835784470,,
8/31/2022,1553.68,1612.36,1524.29,1524.29,20591680941,,
9/1/2022,1586.18,1593.08,1520.19,1553.76,16434276817,,
9/2/2022,1577.22,1643.18,1551.88,1586.02,17708478709,,
9/3/2022,1556.87,1579.45,1541.67,1577.21,9516825994,,
9/4/2022,1577.64,1578.01,1543.7,1556.9,8884144998,,
9/5/2022,1617.18,1621.66,1559.78,1577.88,13060541168,,
9/6/2022,1561.75,1680.6,1561.75,1617.24,22946059125,,
9/7/2022,1629.91,1651.05,1500.01,1560.91,19560363854,,
9/8/2022,1635.35,1655.06,1603.06,1629.81,17621046717,,
9/9/2022,1719.09,1735.81,1632.84,1635.19,20242323690,,
9/10/2022,1776.2,1784.5,1710.3,1718.96,13130928217,,
9/11/2022,1761.8,1782.73,1730.16,1775.98,12464301922,,
9/12/2022,1713.77,1778.16,1698.29,1762.08,17688391310,,
9/13/2022,1580.79,1745.78,1564.03,1713.96,23066821734,,
9/14/2022,1634.76,1642.16,1564.03,1574.86,17897150206,,
9/15/2022,1471.69,1648.95,1466.14,1635.08,26946275878,,
9/16/2022,1432.45,1480.56,1415.58,1471.93,16764804299,,
9/17/2022,1469.74,1473.06,1415.04,1432.88,10798098671,,
9/18/2022,1335.33,1469.71,1331.49,1469.71,15762284723,,
9/19/2022,1377.54,1388.27,1287.42,1335.27,18712714223,,
9/20/2022,1324.39,1381.97,1319.2,1377.62,14722317220,,
9/21/2022,1252.61,1384.48,1229.43,1324.22,20643507800,,
9/22/2022,1327.68,1336.16,1240.97,1251.57,18461527259,,
9/23/2022,1328.26,1353.29,1270.2,1327.48,18771106339,,
9/24/2022,1317.99,1346.26,1312.64,1328.24,12098209717,,
9/25/2022,1294.22,1333.37,1275.63,1317.94,11802651633,,
9/26/2022,1335.32,1335.53,1282.05,1294.39,16034549271,,
9/27/2022,1330.13,1396.89,1308.99,1335.34,17870598937,,
9/28/2022,1337.41,1351.96,1267.87,1329.54,18994979566,,
9/29/2022,1335.65,1348.11,1293.19,1337.55,13796915736,,
9/30/2022,1327.98,1368.74,1320.38,1335.65,14250100093,,
10/1/2022,1311.64,1332.52,1306.1,1328.19,6227961237,,
10/2/2022,1276.09,1316.33,1275.34,1311.75,7578351650,,
10/3/2022,1323.44,1326.55,1271.15,1276.16,10153070907,,
10/4/2022,1362.13,1364.97,1320.08,1323.28,10139774963,,
10/5/2022,1352.84,1362.45,1320.86,1361.97,9774451820,,
10/6/2022,1351.71,1380.4,1349.45,1352.81,12033514861,,
10/7/2022,1332.52,1359.33,1321.75,1351.84,10061619355,,
10/8/2022,1315.5,1335.95,1307.07,1332.37,5804676208,,
10/9/2022,1322.6,1327.67,1309.34,1315.46,5486230123,,
10/10/2022,1291.34,1335.66,1291.34,1322.62,8794491050,,
10/11/2022,1279.58,1296.27,1272.74,1291.11,9274845260,,
10/12/2022,1294.91,1303.08,1277.53,1279.73,8355638578,,
10/13/2022,1288.12,1297.56,1209.28,1294.92,17499038202,,
10/14/2022,1297.42,1339.74,1285.38,1288.05,13113767755,,
10/15/2022,1274.87,1300.75,1268.47,1297.31,6798512624,,
10/16/2022,1306.3,1312.63,1275.01,1275.01,7491625206,,
10/17/2022,1331.71,1335.65,1297.45,1306.31,9401189650,,
10/18/2022,1310.45,1339.09,1291.66,1331.67,10416747806,,
10/19/2022,1285.74,1312.44,1283.97,1310.56,8350692785,,
10/20/2022,1283.2,1307.86,1275.32,1285.66,9009111996,,
10/21/2022,1299.95,1305.08,1260.67,1283.19,10412565245,,
10/22/2022,1314.3,1317.1,1295.95,1299.9,7175324564,,
10/23/2022,1363.45,1367.76,1302.91,1314.25,9909510925,,
10/24/2022,1345,1368.43,1327.85,1363.49,13092820173,,
10/25/2022,1461.67,1509.99,1336.98,1344.71,25367291294,,
10/26/2022,1566.57,1584.64,1460.43,1461.13,32705548427,,
10/27/2022,1514.37,1574.4,1510.82,1566.84,22813499245,,
10/28/2022,1555.48,1568.63,1493.87,1514.32,19974623205,,
10/29/2022,1619.7,1652.38,1549.98,1555.27,21618154775,,
10/30/2022,1590.78,1637.04,1579.49,1619.7,13930073427,,
10/31/2022,1572.71,1630.45,1555.92,1590.48,19306919714,,
11/1/2022,1579.7,1606.61,1568.1,1572.65,14507311208,,
11/2/2022,1519.71,1613.41,1507.24,1579.5,23254218281,,
11/3/2022,1531.54,1556.76,1517.1,1519.72,14248351007,,
11/4/2022,1645.09,1661.33,1529.27,1531.4,20806964347,,
11/5/2022,1627.97,1660.49,1625.96,1645.16,11006973190,,
11/6/2022,1572.23,1634.13,1572.23,1627.9,11632744705,,
11/7/2022,1568.59,1604.48,1550.42,1572.02,15279963349,,
11/8/2022,1332.84,1574.8,1259.44,1568.33,42048003440,,
11/9/2022,1100.17,1335.74,1083.29,1333.12,38864492427,,
11/10/2022,1299.46,1341.79,1093.12,1100.11,28581002122,,
11/11/2022,1287.22,1302.3,1211.33,1298.88,20920539099,,
11/12/2022,1255.27,1288.15,1242.15,1287.44,10964962767,,
11/13/2022,1221.82,1271.71,1208.52,1255.44,10717455214,,
11/14/2022,1241.6,1284.22,1178.43,1221.9,15028035663,,
11/15/2022,1251.74,1283.2,1238.69,1241.68,11798011594,,
11/16/2022,1215.6,1264.49,1192.99,1251.81,11939561598,,
11/17/2022,1200.81,1224.97,1189.15,1215.85,9723646871,,
11/18/2022,1212.3,1226.74,1200.8,1200.8,7979913378,,
11/19/2022,1218.43,1227.84,1200.48,1212.22,5978745776,,
11/20/2022,1142.47,1224.08,1137.93,1218.44,9651002684,,
11/21/2022,1108.35,1142.4,1084.86,1142.4,14080099208,,
11/22/2022,1135.17,1136.44,1081.14,1107.9,12040670755,,
11/23/2022,1183.2,1185,1130.02,1135.42,11242676044,,
11/24/2022,1203.98,1211.63,1180.38,1183.35,9706372376,,
11/25/2022,1198.93,1203.8,1174.82,1203.8,5483308196,,
11/26/2022,1205.9,1227.04,1198.1,1198.79,5074160558,,
11/27/2022,1195.13,1220.35,1195.04,1205.91,4486976868,,
11/28/2022,1170.09,1198.74,1156.06,1194.96,7275411870,,
11/29/2022,1216.9,1222.16,1163.48,1169.87,7639405818,,
11/30/2022,1295.69,1302.04,1215.5,1216.93,9836925304,,
12/1/2022,1276.27,1296,1267.71,1295.77,6857935276,,
12/2/2022,1294.3,1294.3,1269.24,1276.33,6213645709,,
12/3/2022,1243.33,1299.84,1241.43,1294.46,5672609405,,
12/4/2022,1280.26,1281.49,1242.91,1243.22,5174128454,,
12/5/2022,1259.68,1302.24,1252.47,1280,6120359523,,
12/6/2022,1271.65,1271.92,1247.63,1259.85,5089212680,,
12/7/2022,1232.44,1272.69,1224.45,1271.55,5752205180,,
12/8/2022,1281.12,1286.23,1226.36,1232.45,6227269815,,
12/9/2022,1264.28,1290.06,1260.82,1281.08,5706183865,,
12/10/2022,1266.38,1279.53,1262.12,1264.38,3282499999,,
12/11/2022,1263.87,1281.78,1260.66,1266.42,3362005848,,
12/12/2022,1274.62,1275.61,1243.48,1263.57,5151109364,,
12/13/2022,1320.55,1341.44,1258.47,1274.66,8812883119,,
12/14/2022,1309.33,1346.17,1305.83,1320.69,7830915428,,
12/15/2022,1266.35,1311.07,1262.69,1309.19,6032859783,,
12/16/2022,1168.26,1278.16,1162.18,1266.46,9297811507,,
12/17/2022,1188.15,1189.05,1165.41,1168.07,5077258586,,
12/18/2022,1184.72,1194.21,1176.19,1188.13,3350092519,,
12/19/2022,1167.61,1192.92,1160.38,1184.76,4943628091,,
12/20/2022,1217.7,1224.09,1165.6,1167.88,6684951715,,
12/21/2022,1213.6,1218.19,1206.44,1217.59,4217182733,,
12/22/2022,1218.18,1221.99,1187.13,1213.67,5297471739,,
12/23/2022,1220.16,1227,1215.99,1218.08,4835831923,,
12/24/2022,1221.15,1224.91,1216.34,1220.12,2626153345,,
12/25/2022,1218.96,1223.52,1203.72,1221.17,3942720070,,
12/26/2022,1226.97,1226.97,1214.34,1218.92,3282098400,,
12/27/2022,1212.79,1230.42,1205.9,1226.99,4091530737,,
12/28/2022,1189.99,1213.13,1185.7,1212.74,4991669631,,
12/29/2022,1201.6,1204.14,1188.36,1190.01,4132233940,,
12/30/2022,1199.23,1202.03,1187.46,1201.57,4055668253,,
12/31/2022,1196.77,1205.09,1194.2,1199.36,3018513333,,
1/1/2023,1200.96,1203.48,1192.89,1196.71,2399674550,,
1/2/2023,1214.66,1219.86,1195.21,1201.1,3765758498,,
1/3/2023,1214.78,1219.1,1207.49,1214.74,3392972131,,
1/4/2023,1256.53,1264.81,1213.17,1214.72,6404416893,,
1/5/2023,1250.44,1258.57,1245.17,1256.48,4001786456,,
1/6/2023,1269.38,1273.22,1240.95,1250.46,4977252792,,
1/7/2023,1264.27,1270.6,1262.27,1269.42,2565213548,,
1/8/2023,1287.36,1287.36,1260.23,1264.18,3495088905,,
1/9/2023,1321.54,1342.14,1286.68,1287.45,7990438824,,
1/10/2023,1336.59,1342.76,1318.53,1321.4,5830173253,,
1/11/2023,1387.93,1387.93,1323.58,1336.49,6314904311,,
1/12/2023,1417.94,1432.28,1378.42,1405.35,12230193038,,
1/13/2023,1451.61,1461.67,1404.02,1417.95,7684148212,,
1/14/2023,1550.71,1563.74,1450.99,1451.43,15444626014,,
1/15/2023,1552.48,1556.95,1520.89,1550.73,6774614499,,
1/16/2023,1576.83,1594.04,1529.57,1552.52,8454485431,,
1/17/2023,1567.85,1594,1553.34,1577.11,7599462786,,
1/18/2023,1515.51,1602.11,1509.42,1567.7,10354880595,,
1/19/2023,1552.56,1557.97,1514.38,1515.25,6432638856,,
1/20/2023,1659.75,1659.89,1544.92,1552.37,8528894754,,
1/21/2023,1627.12,1674.18,1626.81,1659.71,8859250310,,
1/22/2023,1628.38,1658.02,1612.09,1627.37,7517988734,,
1/23/2023,1628.25,1641.22,1607.9,1628.55,8264507375,,
1/24/2023,1556.6,1639.72,1551.39,1627.85,8180274691,,
1/25/2023,1611.71,1632.24,1530.8,1556.81,10598973448,,
1/26/2023,1603.11,1626.2,1586.6,1611.08,8395315241,,
1/27/2023,1598.16,1617,1565.24,1603.08,8124465373,,
1/28/2023,1572.44,1604.7,1565.39,1598.13,5803653357,,
1/29/2023,1646.16,1653.72,1568.98,1572.63,8801292300,,
1/30/2023,1567.33,1646.65,1546.66,1646.15,9180418120,,
1/31/2023,1586.54,1598.52,1563.8,1567.42,6585191019,,
2/1/2023,1641.79,1644.73,1566.86,1586.49,8116969489,,
2/2/2023,1643.24,1704.46,1641.32,1641.37,10558081069,,
2/3/2023,1664.75,1670.7,1634.22,1642.9,8169519805,,
2/4/2023,1667.06,1690.1,1648.19,1664.47,5843302512,,
2/5/2023,1631.65,1671.77,1616.39,1667.17,6926696531,,
2/6/2023,1616.25,1653.72,1611.32,1631.65,6919871886,,
2/7/2023,1672,1673.8,1614.86,1616.01,8030277434,,
2/8/2023,1650.72,1688.53,1635.27,1671.91,7806089579,,
2/9/2023,1546.44,1655.23,1537.18,1651.08,10524969124,,
2/10/2023,1514.87,1553.33,1504.83,1546.6,8397387897,,
2/11/2023,1539.93,1541.33,1510.15,1514.94,5064007416,,
2/12/2023,1515.03,1545.55,1501.46,1539.78,5319698775,,
2/13/2023,1507.17,1524.73,1470.02,1514.92,9363855114,,
2/14/2023,1556.88,1562.03,1497.19,1506.99,9249575045,,
2/15/2023,1673.75,1674.29,1545.69,1556.77,10015035156,,
2/16/2023,1640.07,1732.8,1638.15,1673.87,12704861676,,
2/17/2023,1694.78,1716.78,1636.17,1640.28,9802443159,,
2/18/2023,1691.82,1705.31,1683.67,1694.74,5491437195,,
2/19/2023,1681.44,1718.95,1673.91,1691.68,6959144003,,
2/20/2023,1702.68,1716.49,1659.3,1682.34,7703604237,,
2/21/2023,1658.04,1714.29,1642.4,1702.8,8721608198,,
2/22/2023,1643.23,1664,1604.8,1658.14,9189387004,,
2/23/2023,1651.07,1674.6,1632.57,1643.3,9013236167,,
2/24/2023,1608.37,1661.09,1583.15,1650.9,8909129423,,
2/25/2023,1594.91,1608.87,1567.63,1608.66,5657686235,,
2/26/2023,1640.82,1645.27,1590.39,1594.76,5727967432,,
2/27/2023,1634.33,1662.58,1615.39,1640.76,7239824677,,
2/28/2023,1605.9,1644.44,1602.43,1634.5,6323676957,,
3/1/2023,1663.43,1663.43,1601.55,1606.04,7701847224,,
3/2/2023,1647.32,1672.05,1622.6,1663.55,7080950926,,
3/3/2023,1569.17,1648.48,1552.45,1647.56,9922240199,,
3/4/2023,1566.92,1575.64,1551.74,1569.28,4389045367,,
3/5/2023,1564.47,1584.21,1559.95,1567.18,5020886238,,
3/6/2023,1567.4,1579.46,1557.36,1564.38,5245153345,,
3/7/2023,1561.93,1579.16,1543.13,1567.42,6854058349,,
3/8/2023,1534.09,1568.18,1534.09,1561.98,7130327525,,
3/9/2023,1438.66,1544.11,1423.26,1534.03,9457897583,,
3/10/2023,1429.16,1438.76,1378.53,1438.76,12665194936,,
3/11/2023,1482.62,1484.14,1428.72,1429.1,14917080154,,
3/12/2023,1590.29,1607.15,1461.61,1482.43,11480965122,,
3/13/2023,1680.31,1699.91,1572.07,1590.83,15711468959,,
3/14/2023,1703.51,1779.92,1665.9,1680.3,16159781303,,
3/15/2023,1656.18,1721.08,1616.63,1705.19,12715339905,,
3/16/2023,1677.22,1693.14,1639.26,1656.33,9364980166,,
3/17/2023,1792.49,1799.34,1667.13,1677.3,12467445117,,
3/18/2023,1761.66,1840.36,1751.26,1793.59,10317822213,,
3/19/2023,1785.58,1843.84,1762.96,1762.96,9170565472,,
3/20/2023,1735.32,1807.73,1728.1,1785.42,10978325507,,
3/21/2023,1806.76,1836.29,1725.01,1735.62,10758627746,,
3/22/2023,1737.72,1821.46,1717.77,1804.96,12484103560,,
3/23/2023,1816.41,1853.89,1732.52,1737.14,11012966854,,
3/24/2023,1752.04,1819.94,1730.35,1815.82,10913669383,,
3/25/2023,1743.76,1762.67,1716.65,1751.47,6614309912,,
3/26/2023,1775.68,1797.88,1741.18,1743.84,6990313307,,
3/27/2023,1715.46,1781.38,1690.52,1775.48,8585750760,,
3/28/2023,1772.79,1791.11,1702.56,1715.33,8346890042,,
3/29/2023,1793,1825.6,1772.9,1772.9,9136176952,,
3/30/2023,1792.74,1827.28,1766.25,1793.35,9724496987,,
3/31/2023,1822.02,1844.68,1783.14,1793.62,9149379763,,
4/1/2023,1813.86,1840.17,1811.12,1821.7,5556443606,,
4/2/2023,1795.71,1824.33,1774.87,1821.19,6199721188,,
4/3/2023,1810.3,1839.16,1765.52,1794.92,9643826401,,
4/4/2023,1871.01,1886.59,1802.96,1810.14,10398322335,,
4/5/2023,1909.11,1937.5,1865.94,1870.97,10319231689,,
4/6/2023,1872.92,1909.27,1857.09,1909.14,8263191830,,
4/7/2023,1865.64,1882.3,1845.99,1872.73,8356130492,,
4/8/2023,1849.5,1879.11,1848.88,1864.68,5016362733,,
4/9/2023,1859.39,1873.06,1828.7,1849.67,6361497715,,
4/10/2023,1911.21,1917.3,1848.16,1859.74,8380134275,,
4/11/2023,1892.19,1936.73,1886.53,1911.38,8877222956,,
4/12/2023,1920.68,1929.88,1860.04,1891.95,11010714187,,
4/13/2023,2012.63,2022.15,1901.86,1917.7,12546950499,,
4/14/2023,2101.64,2126.32,2011.5,2013.93,16298099411,,
4/15/2023,2092.47,2111.08,2076.51,2101.62,8036468153,,
4/16/2023,2120.01,2137.45,2076.83,2092.28,7898126856,,
4/17/2023,2076.24,2120.11,2063.04,2120,9648882546,,
4/18/2023,2104.54,2121.53,2057.65,2075.86,9134015143,,
4/19/2023,1936.4,2104.86,1928.58,2103.95,13779745451,,
4/20/2023,1943.1,1979.57,1918.13,1936.42,11324135406,,
4/21/2023,1850,1955.65,1827.79,1943.41,12044274581,,
4/22/2023,1874.23,1886.78,1845.85,1849.29,6970642726,,
4/23/2023,1862.06,1882.23,1838.99,1874.17,6607451862,,
4/24/2023,1842.76,1888.19,1811.79,1862.09,8438191338,,
4/25/2023,1866.75,1877.48,1805.32,1842.2,8677255481,,
4/26/2023,1866.56,1962.57,1792.46,1866.15,14356524696,,
4/27/2023,1908.79,1936.95,1863.15,1866.69,14008145806,,
4/28/2023,1892.51,1923.2,1876.29,1909.27,7691759733,,
4/29/2023,1908.92,1916.97,1887.99,1892.57,4796651246,,
4/30/2023,1876.92,1938.42,1876.92,1908.74,6539641957,,
5/1/2023,1831.95,1886.21,1809.19,1868.89,8625783201,,
5/2/2023,1870.79,1879.76,1824.33,1831.73,7536785767,,
5/3/2023,1904.65,1915.5,1845.87,1870.69,8306390869,,
5/4/2023,1877.7,1915.87,1868.63,1905.17,6578438233,,
5/5/2023,1995.06,1998.41,1876.95,1877.83,9498261360,,
5/6/2023,1900.22,2017.56,1870.61,1995.48,9623243037,,
5/7/2023,1873.08,1934,1873.08,1899.92,6883942236,,
5/8/2023,1849.04,1886.16,1818.45,1872.48,9895102899,,
5/9/2023,1848.6,1860.67,1832.91,1849.06,6129516088,,
5/10/2023,1842.4,1886.8,1795.67,1848.21,9945549603,,
5/11/2023,1796.49,1842.49,1774.13,1842.49,8353828312,,
5/12/2023,1808.02,1812.42,1742.4,1795.18,9047198660,,
5/13/2023,1796.11,1816.06,1788.48,1808.38,4647630864,,
5/14/2023,1800.5,1823.49,1793.23,1796.11,4711210241,,
5/15/2023,1817.55,1845.7,1787.54,1800.37,6748889346,,
5/16/2023,1824.12,1830.35,1797.84,1816.82,5595959668,,
5/17/2023,1821.86,1835.55,1786.67,1824.07,6352161579,,
5/18/2023,1801.73,1831.45,1774.2,1822.07,5673124255,,
5/19/2023,1812.59,1826.19,1797.43,1800.99,4796110259,,
5/20/2023,1820.48,1829.01,1808.05,1812.77,2951655969,,
5/21/2023,1804.53,1827.92,1799.95,1820.14,3386768865,,
5/22/2023,1817.53,1826.7,1793.22,1804.84,4534841049,,
5/23/2023,1854.38,1869.34,1816.29,1817.78,6820047160,,
5/24/2023,1800.1,1854.3,1780.93,1854.3,7101647419,,
5/25/2023,1805.95,1815.99,1763.37,1799.85,6321689859,,
5/26/2023,1828.69,1837.87,1798.41,1805.73,5451414258,,
5/27/2023,1831.12,1836.18,1817.49,1828.58,3216737652,,
5/28/2023,1910.91,1915.72,1825.47,1831.1,6359610561,,
5/29/2023,1893.08,1926.42,1879.08,1909.3,5884674572,,
5/30/2023,1901.03,1916.57,1883.93,1893.09,5363439784,,
5/31/2023,1874.13,1907.04,1852.09,1901.1,5984512548,,
6/1/2023,1862.2,1887.71,1846.23,1873.91,5640027197,,
6/2/2023,1907.26,1910.28,1851.96,1862.42,6097746022,,
6/3/2023,1892.41,1908.82,1885.49,1907.42,3472274607,,
6/4/2023,1890.51,1912.21,1885.65,1892.4,3747042696,,
6/5/2023,1811.83,1890.64,1780.21,1890.42,9246593033,,
6/6/2023,1884.49,1896.22,1801.41,1810.58,8704411776,,
6/7/2023,1832.4,1893.81,1822.3,1884.37,7919894455,,
6/8/2023,1846.3,1861.14,1830.17,1832.51,4536041931,,
6/9/2023,1840.23,1854.82,1828.54,1846.08,4610831509,,
6/10/2023,1752.38,1844.79,1721.44,1840.39,10788500406,,
6/11/2023,1753.42,1776.85,1741.11,1752.53,4559112981,,
6/12/2023,1742.53,1757.66,1722.91,1753.08,6031384958,,
6/13/2023,1739.04,1761.96,1727.75,1742.39,6214125203,,
6/14/2023,1650.52,1749.16,1637.19,1739.25,7462905534,,
6/15/2023,1665.52,1676.41,1624.14,1650.5,7328564880,,
6/16/2023,1716.67,1727.29,1653.17,1665.41,6281023479,,
6/17/2023,1727.2,1766.76,1714.15,1716.67,4875187477,,
6/18/2023,1720.58,1746.51,1718.11,1727.19,3820038842,,
6/19/2023,1737.66,1745.13,1705.81,1720.51,5210480121,,
6/20/2023,1792.12,1793.31,1715.34,1736.88,7171072578,,
6/21/2023,1891.01,1898.67,1788.49,1791.99,11731457711,,
6/22/2023,1872.94,1932.07,1867.88,1889.79,8477657143,,
6/23/2023,1892.86,1932.53,1865.19,1872.54,8290615074,,
6/24/2023,1876.06,1905.23,1867.81,1893.77,5026191704,,
6/25/2023,1900.51,1929.08,1870.85,1875.85,6937581709,,
6/26/2023,1859.43,1905.36,1840.22,1900.05,8619702292,,
6/27/2023,1889.7,1911.31,1856.84,1859.35,7686042202,,
6/28/2023,1827.97,1890.21,1822.1,1889.91,7135265016,,
6/29/2023,1852.23,1876.53,1828.06,1828.06,5677228612,,
6/30/2023,1933.19,1945.27,1831.28,1852.01,12895131248,,
7/1/2023,1924.57,1942.7,1910.85,1933.32,5136809625,,
7/2/2023,1937.44,1958.16,1895.91,1924.45,6343966490,,
7/3/2023,1955.39,1974.78,1934.69,1937.88,7858509087,,
7/4/2023,1936.63,1966.37,1932.61,1955.52,5683423776,,
7/5/2023,1910.59,1942.43,1897.12,1936.8,6034088075,,
7/6/2023,1848.64,1956.01,1847.85,1910.42,8905008384,,
7/7/2023,1870.6,1876.96,1832.03,1847.51,6468885150,,
7/8/2023,1865.54,1872.5,1844.64,1871,4299007854,,
7/9/2023,1863.01,1878.67,1857.75,1865.59,4392863807,,
7/10/2023,1880.56,1905.46,1848.78,1863.24,6336468234,,
7/11/2023,1878.34,1889.38,1863.22,1880.65,4905225892,,
7/12/2023,1872.11,1901.15,1865.71,1878.32,6379007000,,
7/13/2023,2006.51,2011.89,1864.5,1872.04,11114853969,,
7/14/2023,1939.35,2026.2,1901.36,2005.69,10627449471,,
7/15/2023,1931.47,1946.02,1928.19,1939.13,4380084234,,
7/16/2023,1923.68,1942.03,1917.29,1931.65,4329306566,,
7/17/2023,1911.65,1936.18,1875.12,1923.69,6678090758,,
7/18/2023,1897.6,1916.47,1878.72,1911.7,5814708445,,
7/19/2023,1889.01,1919.26,1883.07,1897.8,6018487800,,
7/20/2023,1890.97,1919.26,1879.73,1889.07,7366830684,,
7/21/2023,1892.08,1905.39,1885.3,1891.58,4668158260,,
7/22/2023,1864.91,1897.09,1855.09,1891.96,4101305643,,
7/23/2023,1889.19,1904.48,1859.57,1866.09,4480604100,,
7/24/2023,1850,1889.76,1836.85,1888.81,6344373569,,
7/25/2023,1857.74,1867.32,1845.98,1850.03,4163381707,,
7/26/2023,1872.16,1886.97,1849.44,1857.7,5781548155,,
7/27/2023,1860.36,1885.59,1855.32,1872.09,4291339248,,
7/28/2023,1874.74,1881.46,1857.05,1860.7,3800973336,,
7/29/2023,1881.07,1885.53,1870.33,1874.56,2497302218,,
7/30/2023,1861.64,1884.14,1851.73,1880.87,4003005547,,
7/31/2023,1856.16,1875.63,1851.92,1861.76,4391613314,,
8/1/2023,1871.79,1873.03,1817.92,1856.19,7634860636,,
8/2/2023,1839.09,1877.51,1822.35,1873.47,6448512422,,
8/3/2023,1835.14,1856.41,1825.35,1838.9,4710581074,,
8/4/2023,1827.71,1847.91,1817.41,1834.89,4861242484,,
8/5/2023,1834.99,1836.46,1824.81,1827.8,2866049749,,
8/6/2023,1827.46,1836.25,1824.99,1834.85,2963395076,,
8/7/2023,1826.94,1842.52,1804.72,1827.24,5837881974,,
8/8/2023,1855.81,1873.85,1824.43,1826.93,5812855406,,
8/9/2023,1854.3,1869.74,1845.49,1855.78,5870081833,,
8/10/2023,1850.75,1863.31,1845.44,1854.35,3760304518,,
8/11/2023,1847.12,1855.07,1839.57,1850.74,3353025102,,
8/12/2023,1848.89,1852.28,1845.72,1847.17,2291124840,,
8/13/2023,1839.28,1859.92,1834.8,1849.05,3054625661,,
8/14/2023,1844.19,1853.84,1834.8,1839.32,4083364724,,
8/15/2023,1826.93,1845.55,1816.33,1844.16,4483923893,,
8/16/2023,1805.66,1829.36,1798.97,1827.04,4976573383,,
8/17/2023,1684.93,1807.71,1551.71,1805.57,14208462072,,
8/18/2023,1660.95,1698.12,1644.93,1682.04,9645084584,,
8/19/2023,1669.47,1693.23,1654.08,1660.84,4871231360,,
8/20/2023,1684.85,1692.33,1662.9,1669.59,4105056995,,
8/21/2023,1667.27,1685.08,1651.96,1685.02,5077248383,,
8/22/2023,1633.89,1668.64,1596.38,1667.28,7244623133,,
8/23/2023,1679.27,1696.59,1629.58,1634.4,7191868448,,
8/24/2023,1659.94,1682.49,1641.63,1679.25,5104531920,,
8/25/2023,1652.94,1671.97,1635.97,1660.27,5396997823,,
8/26/2023,1646.31,1654.78,1643.71,1652.93,2423247747,,
8/27/2023,1657.51,1659.27,1645.9,1646.27,2624065031,,
8/28/2023,1652.46,1659.33,1627.45,1657.44,4855588534,,
8/29/2023,1729.73,1742.64,1639.58,1652.27,11304916729,,
8/30/2023,1705.11,1730.56,1697.15,1729.68,5023904190,,
8/31/2023,1645.64,1720.01,1634.85,1705.36,6593153505,,
9/1/2023,1628.49,1653.53,1603.03,1645.58,6104510092,,
9/2/2023,1637.03,1644.03,1627.98,1628.56,2943590996,,
9/3/2023,1636.12,1645.65,1626.09,1637.04,3151878318,,
9/4/2023,1629.66,1642.65,1618.52,1635.72,3887968912,,
9/5/2023,1633.63,1645.95,1610.14,1629.91,4417491902,,
9/6/2023,1632.25,1656.93,1611.15,1633.91,4987397046,,
9/7/2023,1647.6,1657.3,1623.22,1632.26,4907290296,,
9/8/2023,1636.14,1657.14,1617.8,1647.81,4598495496,,
9/9/2023,1635.16,1636.87,1629.66,1636.05,2081625742,,
9/10/2023,1616.83,1635.43,1604.04,1635.21,4339499949,,
9/11/2023,1551.64,1618.31,1533.43,1616.77,7693700923,,
9/12/2023,1592.43,1619.11,1549.49,1551.5,6813819740,,
9/13/2023,1607.99,1615.05,1582.22,1592.89,4979469106,,
9/14/2023,1626.97,1640.52,1607.74,1608.03,5538958553,,
9/15/2023,1641.64,1652.11,1613.25,1626.87,4348584771,,
9/16/2023,1635.22,1649.99,1632.58,1641.45,2819575929,,
9/17/2023,1622.9,1635.51,1616.78,1635.2,3032716258,,
9/18/2023,1637.35,1669.02,1609.96,1623.08,5916674789,,
9/19/2023,1643.54,1659.53,1628.41,1637.31,4405868861,,
9/20/2023,1622.89,1649.62,1610.42,1643.5,5156431986,,
9/21/2023,1584.31,1625.2,1573.31,1622.59,5191732312,,
9/22/2023,1593.27,1601.54,1579.1,1584,3460791634,,
9/23/2023,1593.86,1598,1588.33,1593.21,2101436678,,
9/24/2023,1580.85,1600.21,1576.78,1593.83,3086456944,,
9/25/2023,1588.32,1595.84,1565.03,1580.75,4394930984,,
9/26/2023,1593.42,1598.1,1580.17,1588.02,3544861160,,
9/27/2023,1597.49,1631.91,1585.37,1593.11,5533036096,,
9/28/2023,1652.88,1666.02,1597.29,1597.67,6658092168,,
9/29/2023,1667.94,1687.28,1648.66,1653,5529687537,,
9/30/2023,1671.16,1692.53,1666.56,1667.83,3155292192,,
10/1/2023,1733.81,1750.6,1670.08,1671.16,5054880180,,
10/2/2023,1663.63,1743.56,1646.08,1732.98,8420552922,,
10/3/2023,1656.69,1670.36,1644.5,1662.89,4742827302,,
10/4/2023,1647.84,1657.25,1629.43,1656.74,5127524863,,
10/5/2023,1611.48,1654.38,1609.85,1647.79,5403759057,,
10/6/2023,1645.83,1659.61,1611.37,1611.37,4941208729,,
10/7/2023,1634.51,1648.18,1631.16,1645.81,2578994988,,
10/8/2023,1633.55,1641.18,1618.19,1634.66,3315554175,,
10/9/2023,1579.81,1635.45,1553.01,1633.45,7020801716,,
10/10/2023,1567.71,1593.74,1553.03,1580.11,5254966125,,
10/11/2023,1566.25,1578.22,1548.98,1567.68,5416504273,,
10/12/2023,1539.61,1566.88,1523.24,1566.36,5003930677,,
10/13/2023,1552.09,1571.75,1537.92,1539.43,4575141511,,
10/14/2023,1555.26,1560.33,1545.74,1552.26,2429214718,,
10/15/2023,1558.07,1565.76,1550.55,1555.08,2923337883,,
10/16/2023,1600.53,1628.16,1555.99,1558.31,8846928526,,
10/17/2023,1565.44,1601.29,1554.4,1600.64,5032686973,,
10/18/2023,1563.75,1584.73,1556.74,1565.38,4354138855,,
10/19/2023,1567.46,1573.74,1543.59,1563.96,5035110867,,
10/20/2023,1604.67,1628.61,1562.3,1567.57,6747486127,,
10/21/2023,1629.3,1641.24,1593.45,1604.82,4212179634,,
10/22/2023,1663.43,1667.67,1623.98,1629.3,5248406817,,
10/23/2023,1765.38,1794.07,1663.45,1674.85,14362295879,,
10/24/2023,1784.44,1852.68,1758.69,1766.01,15888690475,,
10/25/2023,1787.4,1814.48,1762.15,1784.91,9439066475,,
10/26/2023,1804.04,1865.1,1764.01,1787.48,11196672635,,
10/27/2023,1780.05,1804.14,1751.44,1803.79,7493399771,,
10/28/2023,1776.62,1800.61,1773.44,1780.08,4226112731,,
10/29/2023,1795.55,1810.49,1766.05,1776.56,4358528382,,
10/30/2023,1810.09,1829.25,1779.36,1795.59,7534051038,,
10/31/2023,1816.46,1819.97,1784.57,1810.13,6477922747,,
11/1/2023,1847.09,1858.31,1786.41,1815.87,10628825648,,
11/2/2023,1800.62,1873.89,1790.11,1847.26,9004197724,,
11/3/2023,1832.8,1835.07,1779.64,1800.92,7622864055,,
11/4/2023,1857.7,1867.26,1825.74,1833.37,4845080427,,
11/5/2023,1894.16,1911.61,1848.62,1857.4,8867152645,,
11/6/2023,1899.84,1914.58,1871.97,1894.03,8104122602,,
11/7/2023,1888.12,1907.56,1852.79,1900.6,9203228152,,
11/8/2023,1889.32,1904.55,1874.55,1887.12,6751627017,,
11/9/2023,2120.56,2130.89,1884.2,1888.94,24709695029,,
11/10/2023,2078.29,2134.69,2068.13,2121.07,14740624457,,
11/11/2023,2052.71,2089.53,2035.08,2078.06,10228351203,,
11/12/2023,2045.19,2066,2019.03,2053.12,7951011698,,
11/13/2023,2055.27,2116.01,2031.95,2045.35,14322027970,,
11/14/2023,1979.05,2065.07,1939.28,2054.77,13087862495,,
11/15/2023,2060.41,2061.99,1968.77,1979.47,12626326991,,
11/16/2023,1960.88,2088.66,1940.57,2059.97,14651619483,,
11/17/2023,1961.28,1990.05,1910.45,1961.87,11881648738,,
11/18/2023,1963.29,1971.46,1921.06,1961.67,8064677046,,
11/19/2023,2013.2,2015.63,1944.9,1963.18,7716048818,,
11/20/2023,2022.24,2066.41,1996.04,2011.85,12866464824,,
11/21/2023,1937.07,2035.04,1937.07,2022.22,13653500841,,
11/22/2023,2064.43,2089.51,1933.16,1933.58,13372200584,,
11/23/2023,2062.21,2088.03,2041.46,2063.91,7828437946,,
11/24/2023,2081.15,2132.48,2061,2062.41,12141148820,,
11/25/2023,2084.41,2091.34,2067.92,2081.3,5362623390,,
11/26/2023,2063.29,2094.1,2038.6,2084.18,8054814154,,
11/27/2023,2027.42,2070.61,1988.12,2062.39,10574810069,,
11/28/2023,2049.34,2074.95,1996.81,2027.52,9910633038,,
11/29/2023,2029.93,2071.99,2020.76,2049.19,8945151861,,
11/30/2023,2052.56,2054.44,2022.46,2029.36,8107789163,,
12/1/2023,2087.14,2109.32,2046.56,2052.1,10866891430,,
12/2/2023,2165.7,2182.82,2087.41,2087.66,9130124831,,
12/3/2023,2193.69,2213.18,2151.72,2165.9,8278465782,,
12/4/2023,2243.22,2273.07,2193.01,2193.66,16149367134,,
12/5/2023,2293.84,2306.57,2191.18,2243.09,15383072559,,
12/6/2023,2231.66,2310.71,2225.08,2293.63,12790612571,,
12/7/2023,2357.58,2380.73,2225.05,2233.22,14766891042,,
12/8/2023,2358.73,2387.51,2340.92,2357.17,12543458699,,
12/9/2023,2341.18,2401.76,2331.67,2358.69,10613312823,,
12/10/2023,2352.46,2376.75,2323.41,2341.44,7369608905,,
12/11/2023,2224.58,2354.91,2160.36,2352.5,17989249470,,
12/12/2023,2202.04,2242.55,2166.77,2224.39,11391132228,,
12/13/2023,2260.65,2283.1,2150.75,2202.6,12576395493,,
12/14/2023,2316.58,2331.6,2239.37,2260.74,12608711052,,
12/15/2023,2219.34,2316.89,2214.26,2316.11,10259157898,,
12/16/2023,2226.93,2260.81,2213.55,2220.42,6866555430,,
12/17/2023,2196.48,2244.37,2195.76,2226.89,7410453853,,
12/18/2023,2217.27,2222.02,2120.13,2195.34,10366536490,,
12/19/2023,2177.87,2253.35,2139.72,2218.24,10619179629,,
12/20/2023,2201.91,2263.33,2161.22,2177.24,12652290807,,
12/21/2023,2239.54,2278.12,2184.86,2201.79,12616530536,,
12/22/2023,2326.52,2341.95,2233.53,2239.6,16137246310,,
12/23/2023,2309.05,2332.07,2270.43,2326.72,7995772945,,
12/24/2023,2265.69,2325.71,2249.98,2309.63,9450799236,,
12/25/2023,2272.56,2303.55,2254.57,2265.34,8036302656,,
12/26/2023,2231.47,2274.56,2180.23,2272.22,10668581464,,
12/27/2023,2378.74,2392.61,2215.14,2231.39,14161342927,,
12/28/2023,2347.57,2445.02,2338.7,2380.2,15660799060,,
12/29/2023,2300.69,2386,2262.98,2346.84,12536968996,,
12/30/2023,2292.07,2322.02,2270.01,2300.4,6888195427,,
12/31/2023,2281.47,2318.51,2261.39,2291.95,6871481744,,
1/1/2024,2352.33,2352.33,2267.02,2282.87,6906765990,,
1/2/2024,2355.84,2431.21,2348.89,2352.59,12910543630,,
1/3/2024,2210.76,2385.12,2113.93,2355.98,19332933581,,
1/4/2024,2269.04,2294.61,2204.87,2210.53,11044564896,,
1/5/2024,2268.65,2276.76,2209.54,2269.41,10860953290,,
1/6/2024,2241.62,2271.36,2219.78,2269.54,5970741680,,
1/7/2024,2222.87,2257.13,2211.56,2242.01,6490053615,,
1/8/2024,2333.03,2358.82,2171.99,2222.86,13830287095,,
1/9/2024,2344.83,2369.64,2243.22,2332.87,14891130716,,
1/10/2024,2582.1,2626.98,2341.94,2344.92,29042100476,,
1/11/2024,2619.62,2687.78,2567.99,2584.17,22575246883,,
1/12/2024,2524.46,2710.42,2460.93,2619.18,23623839263,,
1/13/2024,2576.6,2589.08,2498.59,2522.93,12250316867,,
1/14/2024,2472.24,2578.33,2470.42,2578,9405587417,,
1/15/2024,2511.36,2550.77,2470.82,2471.67,9700630000,,
1/16/2024,2587.69,2613.57,2500,2510.63,11063317095,,
1/17/2024,2528.37,2592.74,2508.43,2587.04,10441017520,,
1/18/2024,2467.02,2546.26,2426.14,2528.59,11900028080,,
1/19/2024,2489.5,2501.31,2414.71,2468.69,11405278376,,
1/20/2024,2469.59,2489.85,2456.1,2489.85,5297826161,,
1/21/2024,2453.91,2479.76,2452.38,2469.8,4578471955,,
1/22/2024,2310.83,2463.45,2303.5,2454.99,13923771728,,
1/23/2024,2240.69,2348.03,2167.28,2310.95,16182147521,,
1/24/2024,2233.56,2261.38,2197.66,2241.75,10134722960,,
1/25/2024,2217.71,2240.38,2173.69,2233.97,9302247037,,
1/26/2024,2267.2,2280.38,2196.14,2217.44,9975117607,,
1/27/2024,2267.89,2282.54,2252.39,2267.32,5144367230,,
1/28/2024,2257.21,2306.9,2242.68,2268.19,7296214994,,
1/29/2024,2317.06,2320.03,2237.71,2257,8948195551,,
1/30/2024,2344.49,2388.87,2298.28,2317.44,10173440062,,
1/31/2024,2282.54,2349.61,2264.44,2343.56,10807883277,,
2/1/2024,2303.82,2309.84,2243.57,2282.18,8895583113,,
2/2/2024,2308.04,2323.05,2282.23,2303.71,7186143091,,
2/3/2024,2296.04,2327.35,2293.54,2307.98,4647754021,,
2/4/2024,2289.55,2309.01,2272.3,2296.12,5438100035,,
2/5/2024,2298.89,2334.68,2270.07,2289.21,7277068110,,
2/6/2024,2372.2,2389.83,2296.79,2298.96,9520885493,,
2/7/2024,2423.75,2442.64,2353.71,2372.26,9660628536,,
2/8/2024,2419.91,2459.56,2414.75,2424.08,9941841732,,
2/9/2024,2487.52,2522.72,2419.36,2419.77,13634203177,,
2/10/2024,2501.23,2516.72,2475.86,2487.65,6474444159,,
2/11/2024,2507.57,2537.68,2495.21,2501.13,7347245813,,
2/12/2024,2658.12,2663.84,2473.81,2507.58,13022696866,,
2/13/2024,2642.19,2686.46,2599.17,2659.59,18271237044,,
2/14/2024,2777.9,2786.89,2621.03,2641.69,21448973822,,
2/15/2024,2824.38,2865.85,2764.01,2777.6,23734481937,,
2/16/2024,2803.69,2858.45,2760.33,2825.48,17057114638,,
2/17/2024,2786.67,2805.13,2724.39,2803.74,17932379943,,
2/18/2024,2879,2892.84,2767.91,2786.71,23355830478,,
2/19/2024,2943.57,2983.37,2860.26,2881.3,15163110589,,
2/20/2024,3013.5,3031.52,2879.9,2944.11,20341598470,,
2/21/2024,2970.36,3017.19,2875.42,3015.65,18897136867,,
2/22/2024,2971.01,3030.67,2907.11,2969.6,18058908246,,
2/23/2024,2921.66,2991.33,2906.58,2970.14,12822717059,,
2/24/2024,2992.39,3003.2,2907.7,2921.96,10701688842,,
2/25/2024,3112.7,3117.43,2984.39,2992.37,14620450464,,
2/26/2024,3178.99,3197.38,3037.95,3112.53,17504464351,,
2/27/2024,3244.52,3287.96,3167.83,3178.41,21090315368,,
2/28/2024,3385.7,3485.45,3201.58,3243.89,32885894265,,
2/29/2024,3341.92,3518.97,3303.91,3386.8,28469171094,,
3/1/2024,3435.05,3452.63,3341.85,3341.97,16880101987,,
3/2/2024,3422.05,3459.75,3398.9,3436.16,12024340617,,
3/3/2024,3490.99,3491.17,3372.21,3422.88,13643324467,,
3/4/2024,3630.43,3641.46,3446.02,3489.34,26772963830,,
3/5/2024,3554.96,3828.16,3224.12,3631.93,47706899137,,
3/6/2024,3819.23,3901.43,3502.8,3554.07,34938642613,,
3/7/2024,3874.35,3939.59,3738.69,3818.31,22457177587,,
3/8/2024,3892.06,3998.83,3828.36,3874.83,26135487051,,
3/9/2024,3915.42,3950.4,3880.66,3892.12,11926623780,,
3/10/2024,3881.19,3968.72,3800.56,3915.59,15783924355,,
3/11/2024,4066.45,4087.05,3745.13,3881.24,28806262507,,
3/12/2024,3980.27,4092.28,3831.89,4066.69,26917010932,,
3/13/2024,4006.46,4083.01,3936.63,3980.27,22028114691,,
3/14/2024,3883.14,4011.1,3721.79,4005.75,25434810823,,
3/15/2024,3735.22,3928.78,3571.77,3882.86,33505075433,,
3/16/2024,3522.86,3780.89,3468.08,3736.1,20199855932,,
3/17/2024,3642.41,3676.26,3414.17,3523.03,19938757095,,
3/18/2024,3517.99,3642.5,3456.09,3642.3,21162220224,,
3/19/2024,3157.62,3546.58,3149.29,3518.35,34166976701,,
3/20/2024,3513.39,3534.83,3059.65,3158.4,36605316331,,
3/21/2024,3492.99,3586.91,3412.22,3514.02,22213647922,,
3/22/2024,3333.69,3541.9,3254.97,3492.9,20574952329,,
3/23/2024,3336.59,3433.76,3273.12,3335.59,13242137554,,
3/24/2024,3454.64,3470.34,3301.28,3336.67,12156660941,,
3/25/2024,3590.88,3657.12,3421.79,3454.89,18603921705,,
3/26/2024,3587.5,3678.79,3545.43,3591.09,18505553577,,
3/27/2024,3500.12,3664.38,3460.39,3587.31,18753082145,,
3/28/2024,3561.29,3609.71,3465.33,3500.22,16419674157,,
3/29/2024,3511.81,3583.7,3475.73,3561.01,12712701619,,
3/30/2024,3507.94,3566.08,3489.9,3511.83,9389066783,,
3/31/2024,3647.86,3655.22,3507.24,3507.95,10499881424,,
4/1/2024,3505.03,3648.13,3418.7,3647.82,16002098681,,
4/2/2024,3277.23,3506.96,3215.99,3504.82,22076539151,,
4/3/2024,3311.44,3368.11,3205.65,3277.32,16010734587,,
4/4/2024,3330.04,3443.21,3253.32,3311.5,14476330517,,
4/5/2024,3318.89,3345.67,3214.24,3330.01,15214447092,,
4/6/2024,3354.18,3397.59,3308.98,3318.86,8956926798,,
4/7/2024,3453.49,3458.51,3346.11,3354.21,9931108526,,
4/8/2024,3695.29,3727.62,3409.51,3453.5,19055143129,,
4/9/2024,3505.16,3724.92,3455.11,3695.34,18279773833,,
4/10/2024,3543.74,3561.52,3415.18,3505.16,16872482726,,
4/11/2024,3505.25,3616.19,3477.17,3543.45,14076734489,,
4/12/2024,3243.03,3552.59,3103.43,3505.33,22104869556,,
4/13/2024,3004.9,3299.66,2862.39,3242.94,29930408174,,
4/14/2024,3156.94,3174.67,2914.42,3005.55,25486284994,,
4/15/2024,3101.6,3277.56,3026.54,3156.83,21925843181,,
4/16/2024,3084.92,3127.16,2997.75,3101.14,19441391169,,
4/17/2024,2984.73,3123.67,2918.55,3084.92,17711869375,,
4/18/2024,3066.03,3094.84,2956.13,2984.71,15183777035,,
4/19/2024,3059.28,3127.11,2868.8,3065.95,20399982867,,
4/20/2024,3157.63,3170.67,3021.78,3059.48,9918642130,,
4/21/2024,3147.29,3197.51,3119.55,3157.57,9394387894,,
4/22/2024,3201.65,3236.66,3131.37,3147.66,12063858733,,
4/23/2024,3219.91,3264.42,3154.59,3201.59,11054442653,,
4/24/2024,3139.81,3292.92,3105.98,3219.96,14000234760,,
4/25/2024,3156.51,3190.98,3074.8,3139.62,13989030260,,
4/26/2024,3130.16,3166.19,3103.1,3156.38,10622333862,,
4/27/2024,3252.17,3279.45,3071.34,3129.73,11820785577,,
4/28/2024,3262.77,3351.18,3249.15,3252.25,11379192678,,
4/29/2024,3215.43,3285.47,3116.2,3262.34,15032246816,,
4/30/2024,3012.29,3249.38,2918.23,3215.38,18266894653,,
5/1/2024,2969.78,3020.17,2815.92,3011.02,20005057445,,
5/2/2024,2988.17,3015.05,2894.33,2969.79,13163903903,,
5/3/2024,3103.54,3127.16,2960.18,2988.13,12862183229,,
5/4/2024,3117.58,3167.54,3096.27,3103.62,8283229638,,
5/5/2024,3137.25,3170.06,3075.59,3117.64,8783447639,,
5/6/2024,3062.73,3220.15,3048.24,3137.51,13008587255,,
5/7/2024,3006.58,3129.08,3003.01,3062.75,11743187337,,
5/8/2024,2973.66,3037.2,2938.47,3006.32,11791662158,,
5/9/2024,3036.02,3057.96,2951.22,2973.97,10861947179,,
5/10/2024,2909.79,3052.73,2881,3036.23,12278653601,,
5/11/2024,2911.6,2942.18,2888.08,2909.85,6795916454,,
5/12/2024,2928.7,2953.05,2902.2,2911.66,5908941395,,
5/13/2024,2949.36,2994.87,2865.13,2928.81,13352264795,,
5/14/2024,2881.16,2959.55,2863.55,2949.21,12444516140,,
5/15/2024,3037.06,3041.6,2864.74,2881.22,14666902956,,
5/16/2024,2945.13,3041.81,2925.09,3036.01,13035465176,,
5/17/2024,3094.12,3120.3,2934.11,2945.14,14449438097,,
5/18/2024,3122.95,3146.79,3087.7,3094.55,9407051320,,
5/19/2024,3071.84,3137.15,3056.75,3122.82,8747800800,,
5/20/2024,3663.86,3690.81,3050.3,3071.86,31228143948,,
5/21/2024,3789.31,3837.37,3628.1,3663.01,37643853967,,
5/22/2024,3737.22,3810.95,3655.08,3789.37,25155809461,,
5/23/2024,3776.93,3943.55,3552.64,3737.18,45623656317,,
5/24/2024,3726.93,3825.12,3631.99,3776.99,22257061429,,
5/25/2024,3749.24,3776.01,3710.53,3726.98,10000027764,,
5/26/2024,3825.9,3879.47,3732.02,3749.18,14650794791,,
5/27/2024,3892.01,3973.56,3821.93,3826.13,18949181813,,
5/28/2024,3840.26,3924.9,3771.21,3892.1,19846044324,,
5/29/2024,3763.2,3880.65,3742.04,3840.24,17411416736,,
5/30/2024,3746.85,3823.64,3702.26,3763.36,15065849797,,
5/31/2024,3760.03,3843.86,3723.84,3746.86,15290700646,,
6/1/2024,3813.2,3829.29,3749.84,3759.88,8661024535,,
6/2/2024,3780.9,3834.91,3752.41,3813.28,11126903059,,
6/3/2024,3766.39,3848.6,3758.92,3780.85,14082454300,,
6/4/2024,3812.52,3831.36,3738.13,3766.48,13331489271,,
6/5/2024,3864.26,3887.49,3778.66,3812.56,15480034434,,
6/6/2024,3811.61,3878.05,3761.78,3864.26,13606583873,,
6/7/2024,3678.63,3838.45,3615.28,3811.67,18220286186,,
6/8/2024,3680.95,3707.5,3669.64,3677.4,9096091805,,
6/9/2024,3705.9,3719.37,3668.12,3680.94,7910768788,,
6/10/2024,3666.72,3711.43,3648.16,3705.88,10377300126,,
6/11/2024,3498.33,3669.89,3434.75,3666.36,19184721538,,
6/12/2024,3559.62,3652.49,3463.78,3497.9,17142905351,,
6/13/2024,3469.28,3559.73,3431.33,3559.73,14472382154,,
6/14/2024,3480.27,3528.6,3366.22,3467.97,15793876596,,
6/15/2024,3565.55,3589.89,3473.45,3479.79,12733651076,,
6/16/2024,3620.56,3648.09,3541.53,3566.76,9878388158,,
6/17/2024,3511.38,3634.29,3468.15,3622.38,17838856988,,
6/18/2024,3483.68,3514.18,3371.59,3510.57,21022514455,,
6/19/2024,3559.35,3583.32,3466.48,3482.35,15275373778,,
6/20/2024,3511.09,3623.89,3485.46,3559.35,16115123753,,
6/21/2024,3516.08,3542.96,3447.94,3511.27,15933353456,,
6/22/2024,3494.81,3519.5,3477.17,3516.55,7423703673,,
6/23/2024,3418.61,3519.32,3408.58,3494.95,9418141333,,
6/24/2024,3350.26,3430.7,3244.24,3418.78,23137744903,,
6/25/2024,3395.03,3422.21,3335.56,3350.56,13235546063,,
6/26/2024,3369.48,3421.51,3328.39,3394.37,11694054195,,
6/27/2024,3444.8,3470.92,3362.26,3368.89,11771834016,,
6/28/2024,3373.64,3482.96,3363.44,3445.5,12861158844,,
6/29/2024,3372.97,3401.73,3369.55,3373.69,6584792001,,
6/30/2024,3432.89,3453.21,3352.28,3373.08,8396416013,,
7/1/2024,3440.34,3513.31,3425.32,3432.61,12281551839,,
7/2/2024,3416.35,3459.76,3399.03,3439.38,9421757718,,
7/3/2024,3292.92,3426.33,3254.52,3416.25,16121324440,,
7/4/2024,3054.52,3309.2,3054.52,3291.82,20252514386,,
7/5/2024,2981.6,3106.15,2826.01,3057.83,31131942647,,
7/6/2024,3069.38,3080.11,2957.4,2981.99,11586293705,,
7/7/2024,2929.39,3072.81,2923.96,3067.41,10857947538,,
7/8/2024,3018.73,3090.66,2826.48,2929.86,22627377457,,
7/9/2024,3064.03,3105.8,3005.52,3018.8,15269945822,,
7/10/2024,3102.22,3148.41,3026.61,3066.14,14578679176,,
7/11/2024,3100.33,3208.94,3057.22,3101.34,15230095766,,
7/12/2024,3134.16,3154.6,3048.51,3099.99,12751638331,,
7/13/2024,3177.2,3199.99,3115.08,3134.55,8565105946,,
7/14/2024,3244.08,3266.49,3166.43,3176.74,10517709666,,
7/15/2024,3489.55,3494.1,3235.78,3246.13,18305490390,,
7/16/2024,3443.51,3498.22,3351.78,3486.14,20446664416,,
7/17/2024,3388.75,3516.1,3379.1,3446.74,16739123962,,
7/18/2024,3426.26,3488.72,3374.99,3388.03,15035622003,,
7/19/2024,3505.73,3540.59,3377.88,3425.91,17705629736,,
7/20/2024,3519.3,3539.9,3482.49,3505.72,10360198325,,
7/21/2024,3536.61,3546.62,3415.44,3519.43,13845913681,,
7/22/2024,3440.42,3560.08,3425.8,3536.63,18723199034,,
7/23/2024,3482,3539.53,3395.42,3440.77,24468405650,,
7/24/2024,3336.34,3487.65,3304.04,3482.15,16040945448,,
7/25/2024,3174.43,3341.44,3088.76,3336.36,25293745810,,
7/26/2024,3275.95,3285.76,3172.78,3174.05,15993893521,,
7/27/2024,3247.61,3327.43,3195.36,3275.89,15198233287,,
7/28/2024,3271.46,3283.15,3201.76,3247.51,8959236446,,
7/29/2024,3320.54,3396.63,3257.72,3271.45,18334852719,,
7/30/2024,3278.67,3365.32,3235.76,3320.64,14045773047,,
7/31/2024,3231.3,3347.64,3216.07,3278.69,16135380637,,
8/1/2024,3201.56,3241.78,3078.54,3231.25,20217639556,,
8/2/2024,2986.01,3214.53,2965.73,3201.6,21400241741,,
8/3/2024,2903.39,3015.3,2861.18,2985.95,17844091431,,
8/4/2024,2686.4,2931.47,2639.57,2903.09,21139601426,,
8/5/2024,2417.21,2695.89,2122.55,2686.03,67668132244,,
8/6/2024,2458.72,2553.58,2416.53,2417.27,26041995921,,
8/7/2024,2336.59,2551.56,2312.17,2458.99,24264218606,,
8/8/2024,2683.35,2721.95,2322.53,2336.92,23468291180,,
8/9/2024,2599.6,2706.45,2555.23,2683.72,17907141655,,
8/10/2024,2610.02,2642.93,2580.66,2599.58,9361014219,,
8/11/2024,2553.25,2718.8,2544.17,2609.97,13595441987,,
8/12/2024,2724.43,2749.14,2513.39,2553.5,21653090666,,
8/13/2024,2703.67,2737.99,2613.8,2724.3,16383053029,,
8/14/2024,2662.91,2775.28,2636.71,2703.59,15825365408,,
8/15/2024,2570.09,2675.31,2518.67,2662.89,16345801912,,
8/16/2024,2593.19,2629.38,2553.07,2570.09,13275561555,,
8/17/2024,2614.55,2626.67,2588.79,2593.17,6676568717,,
8/18/2024,2613.36,2684.03,2596.74,2614.11,9207267415,,
8/19/2024,2637.31,2648.28,2566.4,2612.72,11968963282,,
8/20/2024,2573.11,2695.91,2556.75,2637.31,13249483464,,
8/21/2024,2631.4,2662.95,2538.66,2573.11,12766015263,,
8/22/2024,2622.95,2644.82,2587.11,2630.86,10723280428,,
8/23/2024,2764.45,2799.33,2622.58,2622.92,16857181970,,
8/24/2024,2769.39,2820.02,2737.78,2765.48,11765811307,,
8/25/2024,2749.16,2793.01,2736.09,2769.1,9375535539,,
8/26/2024,2681.34,2763,2668.89,2749.25,12282035835,,
8/27/2024,2458.73,2700.15,2401.18,2681.62,18028996056,,
8/28/2024,2528.42,2553.82,2422.29,2458.9,20359545410,,
8/29/2024,2528.79,2595.98,2507.5,2528.36,13946434277,,
8/30/2024,2525.82,2539.92,2432.83,2528.73,15526218255,,
8/31/2024,2513.39,2532.39,2493.71,2525.86,6646876013,,
9/1/2024,2427.9,2515.47,2401.89,2513.42,11800443265,,
9/2/2024,2538.19,2563.09,2426.1,2427.97,12520444224,,
9/3/2024,2420.6,2552.8,2419.88,2538.16,11406800197,,
9/4/2024,2448.98,2488.92,2313.27,2420.19,16709600747,,
9/5/2024,2367.74,2465.39,2348.86,2448.99,13632325040,,
9/6/2024,2223.88,2406.51,2150.86,2367.7,25825618367,,
9/7/2024,2274.11,2310.19,2222.1,2223.93,11124608320,,
9/8/2024,2297.29,2332.36,2243.91,2274.44,10718443487,,
9/9/2024,2358.48,2379.79,2274.12,2297.9,15887712451,,
9/10/2024,2389.58,2398.5,2323.07,2358.5,12795818970,,
9/11/2024,2339.84,2389.72,2279.05,2389.6,15355180967,,
9/12/2024,2361.78,2390.19,2316.16,2339.84,12162634681,,
9/13/2024,2441.61,2462.8,2338.14,2361.74,13759640866,,
9/14/2024,2418.6,2442.63,2386.98,2441.58,8170291680,,
9/15/2024,2320.9,2430.38,2286.63,2418.27,10155470375,,
9/16/2024,2295.28,2334.79,2253.72,2320.89,16819033263,,
9/17/2024,2341.71,2392.15,2263.79,2295.28,15356783863,,
9/18/2024,2369.73,2369.73,2278.66,2341.73,18159056422,,
9/19/2024,2464.75,2492.2,2369.37,2369.37,18437147349,,
9/20/2024,2561.07,2571.99,2439.38,2464.78,19112788620,,
9/21/2024,2615.86,2621.62,2530.84,2560.88,10797825021,,
9/22/2024,2582.86,2632.04,2528.52,2615.85,13180663011,,
9/23/2024,2648.55,2701.68,2541.91,2582.77,19912841456,,
9/24/2024,2654.35,2671.28,2593.15,2648.48,16658812503,,
9/25/2024,2579.39,2672.46,2557.72,2654.36,14119729962,,
9/26/2024,2632.2,2665.99,2559.95,2579.22,17336033595,,
9/27/2024,2695.9,2728.07,2616.95,2632.24,17023020294,,
9/28/2024,2677.54,2704.93,2652.25,2695.82,10252590559,,
9/29/2024,2659.35,2683.45,2635.58,2677.63,11126215671,,
9/30/2024,2603.06,2662.49,2576.98,2659.29,17826446789,,
10/1/2024,2448.92,2657.62,2415.08,2603.26,25482371785,,
10/2/2024,2365.23,2498.12,2354.54,2448.88,20148256472,,
10/3/2024,2349.79,2402.86,2311.03,2365.21,18051447791,,
10/4/2024,2414.79,2440.24,2339.87,2349.73,14879264082,,
10/5/2024,2415.63,2427.52,2390.84,2414.85,8152969183,,
10/6/2024,2439.96,2456.63,2407.1,2415.53,8458690205,,
10/7/2024,2421.8,2520.41,2405.13,2439.94,17414044416,,
10/8/2024,2439.84,2464.13,2400.51,2421.98,14067361080,,
10/9/2024,2368.28,2470.91,2350.95,2439.84,14954047093,,
10/10/2024,2383.86,2417.29,2329.78,2368.27,15327769940,,
10/11/2024,2436.51,2470.4,2380.5,2383.94,13489061564,,
10/12/2024,2476.52,2488.24,2434.2,2436.52,9372169184,,
10/13/2024,2467.68,2484.13,2436.97,2476.52,9189490605,,
10/14/2024,2628.9,2652.88,2443.55,2467.65,21434687898,,
10/15/2024,2606.02,2685.17,2537.94,2629.02,22003780898,,
10/16/2024,2611.1,2644.85,2589.61,2606.02,17012396419,,
10/17/2024,2604.27,2646.87,2577.31,2611.19,15150712321,,
10/18/2024,2641.55,2674.37,2595.96,2604.81,17043738652,,
10/19/2024,2648.66,2661.87,2631.66,2641.49,8557834553,,
10/20/2024,2746.36,2756.44,2635.95,2648.67,14559296242,,
10/21/2024,2665.71,2765.55,2655.29,2746.31,17328615363,,
10/22/2024,2620.2,2669.79,2605.62,2665.66,15541911074,,
10/23/2024,2509.1,2624.45,2457.17,2620.09,17876984551,,
10/24/2024,2534.5,2559.15,2506.72,2523.61,16128627601,,
10/25/2024,2435.93,2563.73,2381.45,2534.45,22560233078,,
10/26/2024,2479.6,2503.23,2427.46,2436.05,13597102184,,
10/27/2024,2505.94,2523.17,2462.27,2479.94,9801434566,,
10/28/2024,2565.35,2587.43,2470.27,2505.59,18971841402,,
10/29/2024,2637.96,2680.05,2560.15,2565.42,22185845095,,
10/30/2024,2657.37,2720.27,2600.61,2637.64,22382690746,,
10/31/2024,2515.8,2667.56,2501.57,2657.21,19760409505,,
11/1/2024,2511.89,2583.78,2467.82,2515.87,20215438328,,
11/2/2024,2491.07,2522.36,2471.96,2512.21,9639457439,,
11/3/2024,2456.43,2495.44,2411.4,2491.09,15667779706,,
11/4/2024,2397.03,2488.35,2359.58,2456.1,17110200696,,
11/5/2024,2422.65,2478.62,2380.6,2397.04,17894057485,,
11/6/2024,2724.17,2743.96,2421.81,2422.54,41887574364,,
11/7/2024,2895.59,2918.74,2701.59,2724.01,35352318438,,
11/8/2024,2962.3,2983.74,2889.48,2895.6,32303261101,,
11/9/2024,3131.14,3156.37,2957.18,2962.79,29210133088,,
11/10/2024,3191.33,3249.91,3073.25,3130.73,47418730187,,
11/11/2024,3374.81,3389.53,3109.77,3191.66,55417771668,,
11/12/2024,3246.26,3444.15,3211.2,3375.15,56686078066,,
11/13/2024,3192.6,3337.88,3121.67,3244.54,52010205682,,
11/14/2024,3058.95,3240.27,3032.97,3192.52,35743352141,,
11/15/2024,3103.04,3130.7,3016.14,3059.53,32701369872,,
11/16/2024,3133.27,3218.09,3073.29,3089.74,26650658846,,
11/17/2024,3075.66,3160.15,3039.25,3133.31,28348163224,,
11/18/2024,3207.86,3225.13,3052.49,3075.72,35445557613,,
11/19/2024,3111.38,3222,3070.36,3208.25,29823634432,,
11/20/2024,3072.19,3159.95,3032.6,3111.12,29785491216,,
11/21/2024,3361.05,3388.54,3035.85,3072.06,51619069348,,
11/22/2024,3331.6,3428.46,3262.81,3360.65,36775716442,,
11/23/2024,3396.22,3499.37,3317.65,3331.65,38835184688,,
11/24/2024,3363.66,3451.8,3288.43,3397,27901454185,,
11/25/2024,3413.54,3545.28,3304.09,3364.6,51544793988,,
11/26/2024,3326.52,3461.29,3255.54,3412.95,39902959158,,
11/27/2024,3657.25,3687.01,3303.57,3326.03,43383987191,,
11/28/2024,3579.81,3664.88,3531.87,3656.61,32362724276,,
11/29/2024,3593.49,3647.26,3538.45,3579.91,27622629486,,
11/30/2024,3705.71,3739.93,3572.25,3593.6,30670867436,,
12/1/2024,3711.17,3747.46,3663.23,3706.62,28018113530,,
12/2/2024,3644.2,3761.34,3557.25,3710.5,47284967570,,
12/3/2024,3620.71,3670.22,3504.23,3643.74,36839829742,,
12/4/2024,3841.33,3895.17,3617.74,3620.04,56799745752,,
12/5/2024,3811.01,3956.54,3683.42,3840.84,60568296606,,
12/6/2024,4005.81,4093.17,3782.68,3792.21,52853668566,,
12/7/2024,4002.69,4029.45,3974.18,4006.03,22574636761,,
12/8/2024,4005.7,4018,3927.85,4007.69,20943378971,,
12/9/2024,3718.69,4008.78,3525.23,4006.1,57029832059,,
12/10/2024,3631.83,3780.75,3520.37,3719,58416417599,,
12/11/2024,3832.82,3850.77,3567.57,3631.28,35968053196,,
12/12/2024,3883.1,3987.01,3800.09,3833.17,42971675764,,
12/13/2024,3911.21,3967.4,3855.02,3883.03,34895127659,,
12/14/2024,3868.41,3943.28,3826.76,3910.85,28756190559,,
12/15/2024,3951.94,3971.5,3832.1,3868.44,25069616984,,
12/16/2024,3987.48,4106.96,3882.71,3951.65,46536359669,,
12/17/2024,3886.77,4040.34,3849.29,3987.33,35418700472,,
12/18/2024,3618.79,3902.72,3617.84,3886.89,48946681636,,
12/19/2024,3417.93,3717.66,3330.87,3619.58,58879190250,,
12/20/2024,3472.55,3496.33,3098.2,3417.93,66383827229,,
12/21/2024,3337.22,3552.92,3293.51,3472.59,31579389836,,
12/22/2024,3277.54,3398.66,3219.29,3337,24780768375,,
12/23/2024,3415.79,3461.53,3217.37,3277.51,34496081389,,
12/24/2024,3492.05,3535.86,3355.61,3415.74,23083678195,,
12/25/2024,3493.24,3542.83,3440.1,3491.96,17651873225,,
12/26/2024,3331.23,3512.6,3302.31,3493.3,22247726776,,
12/27/2024,3328.92,3436.71,3302.58,3331.05,24091627403,,
12/28/2024,3397.9,3419.92,3318.03,3328.77,14305648523,,
12/29/2024,3349.51,3406.65,3321.66,3397.86,13440907792,,
12/30/2024,3356.39,3428.53,3298.8,3349.59,26981583962,,
12/31/2024,3332.53,3444.4,3311.41,3356.39,20845452085,,
1/1/2025,3353.5,3366.53,3310.26,3332.41,14195410493,,
1/2/2025,3451.39,3493.45,3348.35,3353.41,22243574698,,
1/3/2025,3605.01,3627.06,3421.83,3451.68,21877299255,,
1/4/2025,3657.71,3669.2,3574.33,3605.2,16060610759,,
1/5/2025,3634.1,3673.81,3594.62,3657.74,12830306908,,
1/6/2025,3688.61,3743.94,3611.21,3634.11,23973574043,,
1/7/2025,3381.58,3701.11,3358.09,3688.34,32235312545,,
1/8/2025,3326.33,3413.68,3209.21,3381.62,34337730882,,
1/9/2025,3219.43,3355.86,3159.38,3326.36,28815726276,,
1/10/2025,3267.49,3320.5,3196.11,3219.5,26503845190,,
1/11/2025,3282.22,3317.65,3219.7,3267.52,11772144561,,
1/12/2025,3265.95,3298.02,3224.51,3282.15,11647743556,,
1/13/2025,3135.5,3335.19,2920.59,3266.1,39911742769,,
1/14/2025,3223.68,3254.75,3126.81,3135.67,22847737224,,
1/15/2025,3450.54,3473.1,3186.14,3223.68,25991614661,,
1/16/2025,3308.35,3458.18,3265.68,3450.31,26395516475,,
1/17/2025,3474.11,3525.54,3307.31,3308.19,28200207229,,
1/18/2025,3305.79,3493.06,3228.33,3473.56,32420094038,,
1/19/2025,3208.96,3444.21,3127.62,3305.4,57242875399,,
1/20/2025,3278.04,3444.28,3147.52,3208.93,52383187336,,
1/21/2025,3327.41,3365.78,3202.49,3278.44,32804001146,,
1/22/2025,3240.22,3364.75,3223.39,3327.24,22171220981,,
1/23/2025,3334.71,3346.73,3184.07,3240.48,32419520084,,
1/24/2025,3309.55,3424.9,3277.32,3334.81,25578325671,,
1/25/2025,3317.27,3349.3,3270.27,3309.71,13744316078,,
1/26/2025,3236.13,3359.31,3233.92,3317.29,14471528757,,
1/27/2025,3178.92,3250.4,3024.09,3235.86,39412486482,,
1/28/2025,3077.11,3222.74,3040.09,3179.09,20718206194,,
1/29/2025,3113,3177.98,3055.18,3076.38,22727786058,,
1/30/2025,3247.78,3282.99,3093.12,3113.29,19958405782,,
1/31/2025,3298.27,3437.57,3214.94,3247.87,30128115902,,
2/1/2025,3118.33,3329.66,3103.92,3298.82,19917507079,,
2/2/2025,2868.69,3161.89,2755.47,3118.61,42060930305,,
2/3/2025,2884.57,2919.48,2159.28,2868.08,92453553253,,
2/4/2025,2735.05,2888.25,2636.17,2883.82,48795275985,,
2/5/2025,2787.78,2824.4,2701.1,2735.23,31960764447,,
2/6/2025,2688.4,2857.14,2662.45,2787.66,29500645692,,
2/7/2025,2622.21,2798.03,2564.97,2688.9,29526663418,,
2/8/2025,2632.31,2665.48,2591.78,2623,17059263074,,
2/9/2025,2628.72,2695.22,2530.44,2632.58,17517088276,,
2/10/2025,2661.17,2692.81,2564.02,2628.65,19414208113,,
2/11/2025,2602.78,2724.9,2565.4,2661.32,21156550492,,
2/12/2025,2736.9,2794.87,2551.17,2602.83,26919387954,,
2/13/2025,2675.9,2756.44,2615.67,2737.03,19481004625,,
2/14/2025,2726.09,2790.02,2666.27,2675.94,17732289901,,
2/15/2025,2693.56,2738.68,2668.53,2726.07,10803019357,,
2/16/2025,2663.32,2724.1,2655.3,2693.56,10593602117,,
2/17/2025,2743.2,2848.78,2640.18,2663.23,24170425078,,
2/18/2025,2669.34,2754.68,2606.9,2743.02,23004152928,,
2/19/2025,2715.77,2735.92,2656.38,2669.21,15272401903,,
2/20/2025,2740.39,2770.03,2708.22,2715.68,15917259320,,
2/21/2025,2659.66,2842.83,2616.92,2740.02,31441524621,,
2/22/2025,2764.03,2797.06,2653.87,2660.04,16403164397,,
2/23/2025,2821.31,2850.61,2746.77,2764.03,20493767269,,
2/24/2025,2513.82,2839.01,2478.9,2820.46,29127380459,,
2/25/2025,2493.59,2529.67,2326.63,2514.21,40044790246,,
2/26/2025,2331.45,2503.42,2255.05,2493.38,28815111323,,
2/27/2025,2305.48,2378.09,2230.45,2331.51,24286213447,,
2/28/2025,2237.91,2310.95,2076.17,2305.56,35737904667,,
3/1/2025,2216.64,2279.87,2144.09,2237.94,16135258239,,
3/2/2025,2519.69,2548.81,2175.32,2216.52,34854193845,,
3/3/2025,2145.57,2522.32,2097.08,2519.53,31473561910,,
3/4/2025,2170.02,2220.36,1996.77,2145.65,33935738380,,
3/5/2025,2241.98,2272.8,2156.1,2169.99,22105432727,,
3/6/2025,2202.48,2319.4,2177.68,2241.91,18509069102,,
3/7/2025,2138.99,2254.23,2103.47,2202.5,22425792863,,
3/8/2025,2201.51,2232.33,2107.73,2139.8,10533204814,,
3/9/2025,2015.51,2210.31,1991.19,2201.71,16103964994,,
3/10/2025,1861.15,2150.71,1812.77,2015.43,35005066442,,
3/11/2025,1919.84,1961.8,1760.94,1859.78,30898385863,,
3/12/2025,1908.98,1954.57,1832.02,1919.66,22898872951,,
3/13/2025,1862.97,1919.69,1823.53,1909.02,17977225564,,
3/14/2025,1909.47,1945.09,1861.11,1863,12122715282,,
3/15/2025,1937.39,1955.24,1904.97,1909.53,6456484591,,
3/16/2025,1887.44,1940.47,1863.49,1937.38,9292997638,,
3/17/2025,1927,1951.63,1880.48,1887.45,10436892087,,
3/18/2025,1932.54,1935.18,1872.51,1927.01,10170844746,,
3/19/2025,2057.75,2068.76,1928.25,1932.54,20065206266,,
3/20/2025,1982.1,2067.48,1952.24,2057.95,13217865782,,
3/21/2025,1964.85,1994.89,1937.21,1981.85,9708125480,,
3/22/2025,1980.04,2005.04,1964.27,1964.94,6117036512,,
3/23/2025,2005.3,2019.89,1977.71,1979.98,7522339707,,
3/24/2025,2077.48,2101.98,1978.76,2005.72,14044912402,,
3/25/2025,2067.76,2096.52,2038.64,2078.57,11735658914,,
3/26/2025,2009.19,2078.37,1982.41,2067.51,13178523590,,
3/27/2025,2002.36,2037.4,1987.72,2008.94,11593274543,,
3/28/2025,1895.5,2015.45,1863.01,2002.41,18160526498,,
3/29/2025,1827.32,1911.9,1799.2,1895.55,12194771785,,
3/30/2025,1806.22,1847.57,1769.41,1827.31,9854857162,,
3/31/2025,1823.48,1852.55,1778.69,1806.32,15765030938,,
4/1/2025,1905.49,1926.3,1820.35,1823.56,15001220420,,
4/2/2025,1795.31,1951.18,1782.76,1905.48,22593742104,,
4/3/2025,1815.64,1844.07,1751.38,1794.98,16450974373,,
4/4/2025,1815.34,1833.96,1760.59,1815.61,18061720814,,
4/5/2025,1805.97,1826.3,1767.51,1815.34,6374712479,,
4/6/2025,1576.73,1815.57,1539.44,1805.96,22154445576,,
4/7/2025,1555.24,1634.04,1415.37,1576.95,46073959047,,
4/8/2025,1472.55,1617.34,1447.61,1554.93,21315312919,,
4/9/2025,1668.04,1687.19,1386.8,1472.6,39252195855,,
4/10/2025,1522.52,1669.39,1474.91,1668.2,21379604307,,
4/11/2025,1567.15,1587.54,1505,1522.47,14871838813,,
4/12/2025,1643.53,1666.02,1546.82,1567.16,12110995013,,
4/13/2025,1596.69,1648.29,1564.84,1643.5,13909890792,,
4/14/2025,1622.77,1689.86,1596.09,1596.88,16518325094,,
4/15/2025,1588.63,1659.84,1585.23,1622.77,13175452875,,
4/16/2025,1578.11,1610.78,1540.03,1589.03,15339621551,,
4/17/2025,1582.55,1615.31,1564.2,1578.01,11312160796,,
4/18/2025,1588.92,1599.42,1573.9,1582.4,7123507323,,
4/19/2025,1612.92,1629.05,1585.47,1588.97,7168138700,,
4/20/2025,1587.51,1618.44,1566.69,1612.97,7642784469,,
4/21/2025,1579.73,1656.12,1566.15,1587.46,15403785611,,
4/22/2025,1757.33,1773.64,1542,1579.82,23747917555,,
4/23/2025,1796.1,1829.71,1746.92,1757.2,22904644756,,
4/24/2025,1769.83,1801.69,1724.74,1795.98,15207402759,,
4/25/2025,1786.63,1826.7,1740.33,1770,17459399281,,
4/26/2025,1821.88,1839.36,1781.47,1786.53,11926379867,,
4/27/2025,1792.86,1856.44,1785.9,1822.18,11321944113,,
4/28/2025,1798.85,1827.48,1747.73,1792.45,17043640437,,
4/29/2025,1799.18,1842.03,1782.28,1798.91,14734257744,,
4/30/2025,1793.78,1816.69,1736.14,1799.21,14810431362,,
5/1/2025,1839.22,1872.94,1793.15,1794.04,15861442721,,
5/2/2025,1842.71,1869.53,1814.73,1839.17,13570171872,,
5/3/2025,1833.84,1848.25,1812.82,1842.72,8344452620,,
5/4/2025,1808.59,1850,1804.5,1833.65,8918979887,,
5/5/2025,1819.7,1832.05,1783.31,1808.7,11389336489,,
5/6/2025,1815.09,1820.8,1753.32,1819.73,13206516310,,
5/7/2025,1811.61,1849.66,1788.69,1815.02,50540755039,,
5/8/2025,2206.51,2222.21,1809.46,1811.55,37777245241,,
5/9/2025,2345.51,2486.01,2186.05,2206.13,43766026875,,
5/10/2025,2582.42,2597.54,2320.24,2345.76,30265913403,,
5/11/2025,2510.24,2603.26,2441.73,2582.71,26496368543,,
5/12/2025,2496.4,2620.9,2411.59,2510.29,32121858921,,
5/13/2025,2680.13,2736.89,2418.33,2496.34,33528741590,,
5/14/2025,2610.06,2721.95,2549.69,2680.26,26602676588,,
5/15/2025,2546.86,2645.07,2482.21,2610.03,26637688883,,
5/16/2025,2536.3,2645.61,2532.03,2547.06,21298907763,,
5/17/2025,2475.75,2537.78,2449.07,2536.3,18830706230,,
5/18/2025,2498.23,2585.7,2344.67,2475.77,25005164865,,
5/19/2025,2529.17,2545.46,2353.43,2498.8,27351331811,,
5/20/2025,2524.17,2585.62,2446.45,2529.14,23453322578,,
5/21/2025,2552.35,2614.06,2454.54,2524.16,31952904125,,
5/22/2025,2664.16,2691.1,2546.43,2552.77,26596978352,,
5/23/2025,2526.44,2731.22,2504.87,2664.08,30536501878,,
5/24/2025,2530.65,2575.13,2516.02,2526.39,11380899856,,
5/25/2025,2551.76,2553.87,2467.88,2530.89,14556431364,,
5/26/2025,2564.14,2598.57,2530.32,2551.38,14936610009,,
5/27/2025,2663.07,2712.29,2512.59,2564.14,26264200536,,
5/28/2025,2682.21,2688.74,2611.16,2663.01,19087366068,,
5/29/2025,2632.65,2784.75,2620.98,2681.84,27567479811,,
5/30/2025,2529.94,2648.26,2510.16,2632.84,24599403943,,
5/31/2025,2529.09,2550.48,2484.22,2529.83,13992843765,,
6/1/2025,2536.27,2547.77,2472.54,2529.1,13287852482,,
6/2/2025,2607.1,2615.52,2477.29,2536.18,16744168824,,
6/3/2025,2593.28,2652.42,2582.25,2607.2,18291179016,,
6/4/2025,2608.64,2677.97,2585.74,2593.48,18621211035,,
6/5/2025,2416.29,2640.6,2395.75,2608.61,26194462737,,
6/6/2025,2477.19,2530.39,2387.61,2416.46,19407449565,,
6/7/2025,2526.51,2543.05,2459.14,2477.18,11664303387,,
6/8/2025,2510.79,2547.47,2493.92,2526.19,12097170203,,
6/9/2025,2681.52,2693.81,2479.87,2510.84,20605172560,,
6/10/2025,2813.52,2824.81,2658.68,2681.29,35555755055,,
6/11/2025,2773.53,2877.63,2746.46,2813.74,30705408054,,
6/12/2025,2651.8,2784.26,2619.97,2773.6,25924959613,,
6/13/2025,2579.49,2651.92,2443.96,2651.92,37986747138,,
6/14/2025,2533.44,2580.16,2491.49,2579.72,14285000473,,
6/15/2025,2546.84,2558.68,2493.2,2533.18,13961893828,,
6/16/2025,2540.6,2680.09,2517.15,2547.23,22792449577,,
6/17/2025,2510.76,2617.9,2456.65,2540.31,25653232897,,
6/18/2025,2524.3,2546.63,2469.05,2510.82,19873957905,,
6/19/2025,2521.65,2546.77,2486.1,2524.4,12782730709,,
6/20/2025,2407.3,2569.01,2371.47,2521.53,22592586688,,
6/21/2025,2300.5,2448.41,2222.81,2407.35,16108791762,,
6/22/2025,2228.21,2313.85,2116.68,2298.84,28458151601,,
6/23/2025,2421.82,2434.24,2191.42,2228.48,26247439429,,
6/24/2025,2448.01,2481.22,2379.57,2421.83,19539047009,,
6/25/2025,2419.31,2468.68,2394.61,2448.74,17158118625,,
6/26/2025,2416.15,2519.62,2399.53,2419.15,18300413888,,
6/27/2025,2423.87,2463.15,2386.32,2416.02,15309834970,,
6/28/2025,2437.11,2448.19,2407.76,2423.93,8273074809,,
6/29/2025,2500.96,2523.32,2417.63,2437.11,12500580479,,
6/30/2025,2486.46,2521.72,2438.05,2500.61,16859727663,,
7/1/2025,2405.79,2500.59,2389.82,2486.43,15025451796,,
7/2/2025,2571.34,2616.78,2378.39,2405.86,22792512025,,
7/3/2025,2591.01,2635.19,2558.58,2570.8,20873559425,,
7/4/2025,2508.52,2601.12,2475.75,2590.85,17222740209,,
7/5/2025,2517.28,2529.84,2489,2508.1,9289382302,,
7/6/2025,2571.24,2603.06,2505.37,2517.28,13190436110,,
7/7/2025,2543.01,2589.32,2517.9,2571.4,18440266947,,
7/8/2025,2615.51,2626.66,2525.44,2542.97,17537487206,,
7/9/2025,2770.78,2794.52,2591.95,2615.51,27229452849,,
7/10/2025,2954.85,2995.15,2757.27,2770.74,33929201261,,
7/11/2025,2957.89,3038.14,2916.96,2954.83,36226558863,,
7/12/2025,2942.91,2979.78,2907.19,2958.33,16317198254,,
7/13/2025,2973.36,3016.39,2938.74,2942.85,17361753131,,
7/14/2025,3013.35,3079.99,2965.32,2973.23,36349290556,,
7/15/2025,3139.89,3142.43,2934.37,3013.29,39013656112,,
7/16/2025,3371.51,3422.6,3102.48,3139.89,46771354461,,
7/17/2025,3476.78,3521.69,3316,3371.51,47532846793,,
7/18/2025,3549.02,3674.86,3463.39,3476.12,59198465810,,
7/19/2025,3595.27,3608.28,3512.97,3548.93,26031719746,,
7/20/2025,3759.47,3819.4,3582.35,3595.24,44600451066,,
7/21/2025,3763.37,3856.77,3705.35,3758.92,42611467663,,
7/22/2025,3749.15,3798.1,3624.14,3762.88,45248868820,,
7/23/2025,3629.7,3765.03,3532.86,3749.24,41283228953,,
7/24/2025,3708.01,3771.38,3515,3629.73,40377960354,,
7/25/2025,3727.27,3744.82,3579.96,3708.01,42264509577,,
7/26/2025,3741.4,3789.79,3702.77,3727.24,24635287361,,
7/27/2025,3875.25,3876.93,3733.68,3741.26,28897450394,,
7/28/2025,3787.43,3940.65,3756.52,3875.26,35831336149,,
7/29/2025,3793.45,3884,3716.88,3788.32,35540435995,,
7/30/2025,3808.2,3832.88,3683.14,3793.58,34392494235,,
7/31/2025,3696.71,3877.47,3685,3808.25,32839839444,,
8/1/2025,3488.37,3722.59,3432.38,3696.14,46261558200,,
8/2/2025,3392.74,3535.56,3370.94,3487.96,30165065282,,
8/3/2025,3497.38,3520.83,3357.94,3392.74,19363593865,,
8/4/2025,3718.99,3734.98,3491.55,3497.61,30905749658,,
8/5/2025,3611.9,3720.66,3547.62,3719.82,32778742296,,
8/6/2025,3683.92,3698.12,3567.1,3612.04,26924415763,,
8/7/2025,3914.33,3926.2,3650.37,3684.06,38627826066,,
8/8/2025,4009.85,4068.85,3882.44,3914.11,45460293892,,
8/9/2025,4263.6,4323.76,4007.71,4009.15,45279715746,,
8/10/2025,4254.22,4332.21,4163.94,4263.55,36173931367,,
8/11/2025,4226.97,4362.09,4168.88,4254.23,49989853803,,
8/12/2025,4590.92,4634.06,4222.36,4227.21,57237189036,,
8/13/2025,4756.28,4784.67,4566.24,4590.66,62550014642,,
8/14/2025,4548.17,4788.55,4461.28,4756.04,75681632806,,
8/15/2025,4439.99,4667.73,4375.55,4549.08,55445715824,,
8/16/2025,4426.18,4493.15,4379.16,4440,26816931514,,
8/17/2025,4473.27,4575.88,4400.71,4426.26,31348101438,,
8/18/2025,4312.5,4484.01,4229.38,4473.33,53518423360,,
8/19/2025,4073.46,4355.08,4070.54,4312.53,50440367102,,
8/20/2025,4334.5,4376.79,4064.97,4073.17,49577862965,,
8/21/2025,4223.21,4338.83,4205.78,4334.57,33618359942,,
8/22/2025,4831.35,4884.23,4209.47,4223.73,75965521535,,
8/23/2025,4776.09,4831.61,4669.73,4831.09,36503623278,,
8/24/2025,4779.65,4953.73,4714.47,4776.7,52405003873,,
8/25/2025,4372.99,4796.35,4343.95,4779.77,63936163545,,
8/26/2025,4600.43,4632.07,4316.3,4372.88,53829747706,,
8/27/2025,4503.39,4659.99,4489.3,4600.51,43509902322,,
8/28/2025,4507.18,4629.03,4435.11,4503.63,36045274078,,
8/29/2025,4360.15,4513.86,4272.46,4507.63,46899991962,,
8/30/2025,4374.15,4413.27,4264.2,4360.09,25883112278,,
8/31/2025,4390.02,4497.18,4373.6,4374.89,26683044984,,
9/1/2025,4314.47,4490.35,4221.25,4389.63,37530746508,,
9/2/2025,4325.37,4414.93,4260.46,4314.39,39884692334,,
9/3/2025,4450.39,4489.2,4286.21,4324.7,35260873497,,
9/4/2025,4298.74,4483.45,4268.59,4450.22,34919798552,,
9/5/2025,4306.99,4484.36,4258.05,4298.84,44163736676,,
9/6/2025,4274.24,4327.44,4244.75,4306.97,18108246446,,
9/7/2025,4305.35,4334.27,4271.53,4274.17,17426783536,,
9/8/2025,4308.07,4381.27,4279.97,4305.38,32277142378,,
9/9/2025,4309.04,4381.23,4277.85,4308.28,30703320925,,
9/10/2025,4349.15,4450.42,4286.06,4309.09,39521365146,,
9/11/2025,4461.23,4471.7,4339.72,4349.2,35959212991,,
9/12/2025,4715.25,4734.27,4453.28,4461.48,43839753626,,
9/13/2025,4668.18,4763.36,4609.13,4714.7,34843845977,,
9/14/2025,4609.6,4690.64,4581.85,4668.17,28394160275,,
9/15/2025,4526.82,4670.53,4469.86,4609.72,40224062009,,
9/16/2025,4503.56,4537.6,4428.33,4526.08,32761501436,,
9/17/2025,4592.73,4617.23,4429.64,4503.64,44120899417,,
9/18/2025,4589.92,4643.97,4556.27,4592.44,33497259158,,
9/19/2025,4470.92,4620.79,4443.26,4589.51,30352619653,,
9/20/2025,4482.27,4509.81,4459.16,4470.98,18056494322,,
9/21/2025,4451.33,4499.39,4447.12,4482.58,19330306133,,
9/22/2025,4202.88,4457.08,4092.4,4451.58,58221334533,,
9/23/2025,4165.5,4227.73,4120.82,4203.02,32460075911,,
9/24/2025,4153.47,4206.9,4081.35,4165.41,33538388785,,
9/25/2025,3868.33,4162.06,3829.01,4153.52,68963092031,,
9/26/2025,4035.89,4069.17,3868.43,3868.69,47873508328,,
9/27/2025,4018.66,4038.45,3975.76,4035.91,20382555776,,
9/28/2025,4141.48,4143,3969.79,4018.66,24631307054,,
9/29/2025,4217.34,4234.78,4087.93,4141.36,38560429932,,
9/30/2025,4145.96,4238.67,4095.44,4217.06,37679153330,,
10/1/2025,4351.11,4351.11,4125.54,4146.03,46161664723,,
10/2/2025,4487.92,4517.67,4336.53,4352.24,48074066058,,
10/3/2025,4514.87,4591.44,4431.48,4486.93,49603450230,,
10/4/2025,4489.2,4519.53,4444.01,4514.91,21832270764,,
10/5/2025,4515.42,4616.53,4472.14,4489.05,44880806324,,
10/6/2025,4687.77,4736.21,4492.87,4515.3,44992456374,,
10/7/2025,4451.15,4755.22,4443.57,4687.71,54879425294,,
10/8/2025,4527.65,4556.22,4417.77,4451.11,40456628235,,
10/9/2025,4369.14,4531.72,4273.56,4526.96,47903074596,,
10/10/2025,3843.01,4395.57,3460.22,4369.07,97736621123,,
10/11/2025,3750.61,3882.24,3652.79,3840.96,62475475938,,
10/12/2025,4164.43,4195.4,3701.48,3750.95,61216174681,,
10/13/2025,4245.47,4292.85,4061.22,4164.05,50253782420,,
10/14/2025,4125.41,4265.11,3895.97,4245.37,67094148347,,
10/15/2025,3987.46,4213.86,3935.16,4125.36,50462889453,,
10/16/2025,3894.75,4079.65,3829.65,3987.15,49147390731,,
10/17/2025,3832.56,3950.57,3678.62,3894.38,57404271888,,
10/18/2025,3890.35,3927.25,3822.27,3833.01,23815676385,,
10/19/2025,3984.65,4029.36,3843.77,3890.58,32870655221,,
10/20/2025,3980.76,4084.16,3911.73,3984.7,40224612563,,
10/21/2025,3876.76,4109.53,3843.23,3980.74,49960290350,,
10/22/2025,3808.12,3890.63,3718.08,3877.36,46173305673,,
10/23/2025,3856.03,3930.97,3801.24,3808.08,36361652714,,
10/24/2025,3934.57,4002.56,3849.72,3856.03,34090708715,,
10/25/2025,3953.47,3967.65,3914.64,3934.49,15245229017,,
10/26/2025,4157.99,4177.31,3923.19,3953.44,29120786315,,
10/27/2025,4120.12,4250.67,4099.57,4158.01,40271333201,,
10/28/2025,3982.26,4173.51,3940.83,4120.27,39684155177,,
10/29/2025,3903.35,4036.35,3849.54,3980.76,35255876156,,
10/30/2025,3804.38,3948.22,3681.91,3903.32,39981939289,,
10/31/2025,3847.08,3900.58,3797.67,3805.08,37800100395,,
11/1/2025,3874.19,3906.78,3832.63,3847.17,17490279524,,
11/2/2025,3911.06,3914.88,3840,3873.89,20479611654,,
11/3/2025,3602.31,3912.63,3560.26,3911.75,53091469560,,
11/4/2025,3292.57,3652.69,3063.09,3602.04,76827517773,,
11/5/2025,3425.17,3479.81,3170.51,3292.15,46955882330,,
11/6/2025,3312.26,3454.34,3245.28,3425.36,36731850433,,
11/7/2025,3435.3,3471.8,3195.9,3312.03,42609994022,,
11/8/2025,3400.38,3482.27,3357.71,3435.15,23613870398,,
11/9/2025,3582.62,3616.44,3359.72,3400.1,28821543888,,
11/10/2025,3568.46,3656.15,3508.99,3583.44,35638045619,,
11/11/2025,3415.28,3644.53,3404.86,3568.47,39734688531,,
11/12/2025,3413.09,3586.01,3373.71,3415.8,34898956623,,
11/13/2025,3232.76,3561.86,3156.03,3412.99,50283416669,,
11/14/2025,3103.79,3252.66,3071.97,3232.3,47003809463,,
11/15/2025,3166.63,3227.69,3104.23,3104.23,19932940649,,
11/16/2025,3092.85,3244.84,3007.07,3166.79,30987886524,,
11/17/2025,3024.54,3218.13,2957.31,3092.94,41026793235,,
11/18/2025,3122.98,3167.93,2948.33,3024.41,41581494270,,
11/19/2025,3023.07,3122.65,2871.23,3122.65,40229739844,,
11/20/2025,2831.78,3057.79,2790.6,3022.89,43917885207,,
11/21/2025,2765.7,2880.6,2626.87,2829.26,51476486049,,
11/22/2025,2767.61,2795.43,2704.5,2766.09,15408928941,,
11/23/2025,2801.68,2856.45,2767.47,2767.59,20358404499,,
11/24/2025,2952.71,2982.82,2763.38,2801.2,32491657389,,
11/25/2025,2957.94,2978.7,2857.84,2952.58,23336017779,,
11/26/2025,3027.81,3043.93,2889.89,2958.33,21433162961,,
11/27/2025,3014.54,3070.73,2987.2,3027.8,16972780500,,
11/28/2025,3032.3,3095.03,2995.77,3014.54,20659958964,,
11/29/2025,2991.69,3051.96,2966.85,3032.3,12775481230,,
11/30/2025,2992.11,3051.6,2978.83,2991.38,11530446514,,
12/1/2025,2800.19,2996.88,2720.44,2991.92,36679598313,,
12/2/2025,2997.94,3032.76,2784.39,2800.22,26593645111,,
12/3/2025,3191.57,3212.56,2988.14,2997.8,29949301036,,
12/4/2025,3134.32,3238.56,3071.31,3188.34,27434991113,,
12/5/2025,3024.43,3192.46,2989.83,3134.36,28000268228,,
12/6/2025,3040.21,3067.66,3013.98,3024.49,10962819760,,
12/7/2025,3061.3,3148.77,2930.65,3040.18,20383496376,,
12/8/2025,3125.2,3177.87,3043.7,3061.01,25262165670,,
12/9/2025,3321.11,3395.84,3092.88,3124.94,32012553374,,
12/10/2025,3325.39,3446.62,3290.15,3321.2,30694387989,,
12/11/2025,3237.06,3327.34,3149.03,3324.39,29066243707,,
12/12/2025,3084.17,3265.37,3050.27,3237.03,24391003174,,
12/13/2025,3116.7,3134.85,3080.08,3084.13,9916869400,,
12/14/2025,3060.59,3128.62,3034.69,3116.74,15619543350,,
12/15/2025,2964.18,3175.12,2899.69,3060.48,28765976892,,
12/16/2025,2964.18,2978.92,2890.01,2964.38,22709189818,,
12/17/2025,2831.4,3025.82,2791.33,2964.02,26159825528,,
12/18/2025,2827.07,2994.55,2777.12,2831.49,29194181349,,
12/19/2025,2977.97,3014.61,2811.39,2827.41,27870687989,,
12/20/2025,2977.58,2992.31,2967.84,2977.87,7612418215,,
12/21/2025,3001.61,3009.81,2945.39,2977.51,11178096676,,
12/22/2025,3006.07,3073.35,2965.18,3001.61,20342034264,,
12/23/2025,2963.37,3033.2,2902.33,3006.07,21453213168,,
12/24/2025,2945.59,2975.17,2888.99,2962.92,13984770325,,
12/25/2025,2903.58,2968.71,2891.11,2945.42,11828871179,,
12/26/2025,2925.75,2991.22,2894.15,2903.62,18562196049,,
12/27/2025,2948,2957.3,2917.27,2925.75,7378783299,,
12/28/2025,2948.57,2957.14,2925.75,2947.9,9227601389,,
12/29/2025,2934.54,3051.94,2908.75,2948.56,25957694515,,
12/30/2025,2971.42,3002.8,2916.33,2934.42,18816704381,,
12/31/2025,2967.04,3021.85,2959.14,2971.41,16451891101,,
1/1/2026,3000.39,3006.01,2966.85,2967,10268796662,,
1/2/2026,3124.42,3146.98,2989.9,3000.45,25242778003,,
1/3/2026,3125.92,3135.03,3077.47,3124.31,11460707919,,
1/4/2026,3140.71,3160.55,3119.43,3125.96,13890479323,,
1/5/2026,3226.13,3261.25,3134.09,3141.49,27211995956,,
1/6/2026,3295.95,3303.56,3184.01,3226.12,27853981622,,
1/7/2026,3166.84,3296.39,3126.55,3295.91,22665982583,,
1/8/2026,3104.38,3179.87,3052.51,3166.92,22760237888,,
1/9/2026,3083.05,3140.71,3058.1,3104.33,18879517395,,
1/10/2026,3082.4,3099.17,3075.14,3083.17,6960662969,,
1/11/2026,3118.89,3141.96,3080.75,3082.41,10497219711,,
1/12/2026,3092.33,3166.22,3068.07,3118.83,21152711365,,
1/13/2026,3322.1,3352.58,3088.51,3092.01,27237310134,,
1/14/2026,3354.72,3397.9,3280.38,3322.19,33926411912,,
1/15/2026,3317.1,3382.45,3276.82,3354.77,27598686935,,
1/16/2026,3295.48,3325.25,3251.81,3317.34,22732887284,,
1/17/2026,3308.86,3328.28,3282.66,3295.48,11206492253,,
1/18/2026,3281.16,3367.17,3278.43,3308.91,13557863288,,
1/19/2026,3186.62,3282.65,3166.02,3282.2,27956112545,,
1/20/2026,2935.61,3197.39,2925.54,3186.62,32985301273,,
1/21/2026,2978.9,3064.39,2867.26,2935.88,35797876195,,
1/22/2026,2949.63,3034.34,2905.56,2979.31,21993593333,,
1/23/2026,2953.26,3013.95,2892.52,2949.45,22417700837,,
1/24/2026,2948.74,2965.47,2942.44,2953.24,8198666763,,
1/25/2026,2815.9,2955.02,2785.9,2948.53,22414089670,,
1/26/2026,2926.46,2946,2811.07,2815.77,29668620102,,
1/27/2026,3022.21,3031.04,2898.31,2926.2,27976005223,,
1/28/2026,3006.61,3040.72,2981.59,3022.24,21751566455,,
1/29/2026,2818.23,3008.04,2751.65,3006.26,37487198041,,
1/30/2026,2702.38,2823.91,2633.84,2818.14,41877689970,,
1/31/2026,2445.09,2709.53,2248.7,2702.3,47569532203,,
